af,ar,942
af,az,914
af,be,941
af,bg,942
af,ca,942
af,cs,936
af,cy,933
af,da,935
af,eo,941
af,et,937
af,eu,927
af,fa,942
af,fi,939
af,gl,942
af,he,940
af,hi,894
af,hu,923
af,hy,923
af,id,933
af,ka,889
af,kk,938
af,ko,942
af,la,941
af,lt,924
af,ms,919
af,nn,932
af,no,937
af,pt,940
af,ro,938
af,sh,939
af,simple,940
af,sk,923
af,sl,942
af,sr,942
af,ta,940
af,th,936
af,tr,942
af,uk,942
af,ur,937
af,zh-min-nan,872
af,zh,942
als,ar,1005
als,az,967
als,be,1005
als,bg,1006
als,ca,1006
als,cs,998
als,cy,995
als,da,995
als,eo,1006
als,et,998
als,eu,984
als,fa,1005
als,fi,1004
als,gl,1006
als,he,1003
als,hi,943
als,hu,978
als,hy,976
als,id,997
als,ka,937
als,kk,1001
als,ko,1006
als,la,1005
als,lt,984
als,ms,971
als,nn,992
als,no,998
als,pt,1002
als,ro,996
als,sh,1000
als,simple,1001
als,sk,977
als,sl,1006
als,sr,1006
als,ta,1004
als,th,999
als,tr,1001
als,uk,1006
als,ur,998
als,zh-min-nan,927
als,zh,1006
an,ar,1009
an,az,971
an,be,1009
an,bg,1010
an,ca,1010
an,cs,1001
an,cy,999
an,da,999
an,eo,1009
an,et,1002
an,eu,988
an,fa,1009
an,fi,1007
an,gl,1010
an,he,1007
an,hi,947
an,hu,982
an,hy,980
an,id,1000
an,ka,941
an,kk,1004
an,ko,1010
an,la,1009
an,lt,986
an,ms,975
an,nn,995
an,no,1002
an,pt,1006
an,ro,1000
an,sh,1004
an,simple,1005
an,sk,980
an,sl,1010
an,sr,1010
an,ta,1008
an,th,1002
an,tr,1005
an,uk,1010
an,ur,1002
an,zh-min-nan,931
an,zh,1010
ar,az,972
ar,be,1009
ar,bg,1010
ar,ca,1010
ar,cs,1002
ar,cy,999
ar,da,1000
ar,eo,1009
ar,et,1002
ar,eu,988
ar,fa,1010
ar,fi,1007
ar,gl,1010
ar,he,1008
ar,hi,948
ar,hu,983
ar,hy,981
ar,id,1000
ar,ka,942
ar,kk,1004
ar,ko,1010
ar,la,1009
ar,lt,986
ar,ms,976
ar,nn,996
ar,no,1003
ar,pt,1006
ar,ro,1001
ar,sh,1004
ar,simple,1006
ar,sk,980
ar,sl,1010
ar,sr,1010
ar,ta,1008
ar,th,1002
ar,tr,1005
ar,uk,1010
ar,ur,1003
ar,zh-min-nan,931
ar,zh,1010
ast,az,965
ast,be,999
ast,bg,1000
ast,ca,1000
ast,cs,991
ast,cy,989
ast,da,989
ast,eo,999
ast,et,992
ast,eu,980
ast,fa,999
ast,fi,997
ast,gl,1000
ast,he,997
ast,hi,939
ast,hu,974
ast,hy,971
ast,id,990
ast,ka,933
ast,kk,994
ast,ko,1000
ast,la,999
ast,lt,976
ast,ms,965
ast,nn,985
ast,no,992
ast,pt,996
ast,ro,990
ast,sh,994
ast,simple,995
ast,sk,973
ast,sl,1000
ast,sr,1000
ast,ta,998
ast,th,993
ast,tr,995
ast,uk,1000
ast,ur,992
ast,zh-min-nan,925
ast,zh,1000
az,be,972
az,bg,972
az,ca,972
az,cs,965
az,cy,965
az,da,963
az,eo,971
az,et,968
az,eu,957
az,fa,972
az,fi,970
az,gl,972
az,he,972
az,hi,915
az,hu,956
az,hy,949
az,id,964
az,ka,916
az,kk,967
az,ko,972
az,la,971
az,lt,954
az,ms,945
az,nn,962
az,no,966
az,pt,968
az,ro,963
az,sh,966
az,simple,968
az,sk,947
az,sl,972
az,sr,972
az,ta,970
az,th,965
az,tr,968
az,uk,972
az,ur,967
az,zh-min-nan,902
az,zh,972
bar,be,596
bar,bg,596
bar,ca,596
bar,cs,593
bar,cy,594
bar,da,594
bar,eo,596
bar,et,596
bar,eu,592
bar,fa,596
bar,fi,596
bar,gl,596
bar,he,596
bar,hi,555
bar,hu,586
bar,hy,589
bar,id,593
bar,ka,571
bar,kk,595
bar,ko,596
bar,la,596
bar,lt,588
bar,ms,580
bar,nn,591
bar,no,594
bar,pt,595
bar,ro,594
bar,sh,594
bar,simple,593
bar,sk,583
bar,sl,596
bar,sr,596
bar,ta,596
bar,th,592
bar,tr,595
bar,uk,596
bar,ur,593
bar,zh-min-nan,560
bar,zh,596
bat-smg,be,797
bat-smg,bg,798
bat-smg,ca,798
bat-smg,cs,794
bat-smg,cy,796
bat-smg,da,794
bat-smg,eo,798
bat-smg,et,796
bat-smg,eu,790
bat-smg,fa,798
bat-smg,fi,798
bat-smg,gl,798
bat-smg,he,797
bat-smg,hi,752
bat-smg,hu,788
bat-smg,hy,783
bat-smg,id,794
bat-smg,ka,773
bat-smg,kk,797
bat-smg,ko,798
bat-smg,la,798
bat-smg,lt,794
bat-smg,ms,785
bat-smg,nn,795
bat-smg,no,796
bat-smg,pt,796
bat-smg,ro,797
bat-smg,sh,796
bat-smg,simple,796
bat-smg,sk,784
bat-smg,sl,798
bat-smg,sr,798
bat-smg,ta,797
bat-smg,th,794
bat-smg,tr,798
bat-smg,uk,798
bat-smg,ur,796
bat-smg,zh-min-nan,760
bat-smg,zh,798
ba,be,1010
ba,bg,1011
ba,ca,1011
ba,cs,1002
ba,cy,1000
ba,da,1000
ba,eo,1010
ba,et,1003
ba,eu,989
ba,fa,1010
ba,fi,1008
ba,gl,1011
ba,he,1008
ba,hi,948
ba,hu,983
ba,hy,981
ba,id,1001
ba,ka,942
ba,kk,1005
ba,ko,1011
ba,la,1010
ba,lt,987
ba,ms,976
ba,nn,996
ba,no,1003
ba,pt,1007
ba,ro,1001
ba,sh,1005
ba,simple,1006
ba,sk,981
ba,sl,1011
ba,sr,1011
ba,ta,1009
ba,th,1003
ba,tr,1006
ba,uk,1011
ba,ur,1003
ba,zh-min-nan,932
ba,zh,1011
be-x-old,be,1005
be-x-old,bg,1005
be-x-old,ca,1005
be-x-old,cs,997
be-x-old,cy,996
be-x-old,da,995
be-x-old,eo,1004
be-x-old,et,997
be-x-old,eu,983
be-x-old,fa,1004
be-x-old,fi,1002
be-x-old,gl,1005
be-x-old,he,1002
be-x-old,hi,944
be-x-old,hu,978
be-x-old,hy,976
be-x-old,id,995
be-x-old,ka,939
be-x-old,kk,1001
be-x-old,ko,1005
be-x-old,la,1005
be-x-old,lt,981
be-x-old,ms,973
be-x-old,nn,990
be-x-old,no,997
be-x-old,pt,1002
be-x-old,ro,997
be-x-old,sh,1001
be-x-old,simple,1000
be-x-old,sk,976
be-x-old,sl,1005
be-x-old,sr,1005
be-x-old,ta,1003
be-x-old,th,997
be-x-old,tr,1002
be-x-old,uk,1005
be-x-old,ur,997
be-x-old,zh-min-nan,927
be-x-old,zh,1005
be,bg,1010
be,ca,1010
be,cs,1001
be,cy,999
be,da,999
be,eo,1009
be,et,1002
be,eu,988
be,fa,1009
be,fi,1007
be,gl,1010
be,he,1007
be,hi,947
be,hu,983
be,hy,980
be,id,1000
be,ka,942
be,kk,1004
be,ko,1010
be,la,1009
be,lt,986
be,ms,975
be,nn,995
be,no,1002
be,pt,1006
be,ro,1000
be,sh,1004
be,simple,1005
be,sk,981
be,sl,1010
be,sr,1010
be,ta,1008
be,th,1002
be,tr,1005
be,uk,1010
be,ur,1002
be,zh-min-nan,931
be,zh,1010
bg,ca,1011
bg,cs,1002
bg,cy,1000
bg,da,1000
bg,eo,1010
bg,et,1003
bg,eu,989
bg,fa,1010
bg,fi,1008
bg,gl,1011
bg,he,1008
bg,hi,948
bg,hu,983
bg,hy,981
bg,id,1001
bg,ka,942
bg,kk,1005
bg,ko,1011
bg,la,1010
bg,lt,987
bg,ms,976
bg,nn,996
bg,no,1003
bg,pt,1007
bg,ro,1001
bg,sh,1005
bg,simple,1006
bg,sk,981
bg,sl,1011
bg,sr,1011
bg,ta,1009
bg,th,1003
bg,tr,1006
bg,uk,1011
bg,ur,1003
bg,zh-min-nan,932
bg,zh,1011
bn,ca,952
bn,cs,945
bn,cy,945
bn,da,943
bn,eo,951
bn,et,945
bn,eu,934
bn,fa,952
bn,fi,950
bn,gl,952
bn,he,950
bn,hi,911
bn,hu,925
bn,hy,929
bn,id,945
bn,ka,896
bn,kk,948
bn,ko,952
bn,la,952
bn,lt,933
bn,ms,928
bn,nn,940
bn,no,948
bn,pt,949
bn,ro,946
bn,sh,948
bn,simple,948
bn,sk,925
bn,sl,952
bn,sr,952
bn,ta,951
bn,th,945
bn,tr,950
bn,uk,952
bn,ur,946
bn,zh-min-nan,880
bn,zh,952
bo,ca,393
bo,cs,389
bo,cy,393
bo,da,391
bo,eo,393
bo,et,391
bo,eu,391
bo,fa,393
bo,fi,393
bo,gl,393
bo,he,393
bo,hi,381
bo,hu,388
bo,hy,385
bo,id,392
bo,ka,380
bo,kk,391
bo,ko,393
bo,la,393
bo,lt,387
bo,ms,389
bo,nn,389
bo,no,391
bo,pt,393
bo,ro,391
bo,sh,393
bo,simple,393
bo,sk,386
bo,sl,393
bo,sr,393
bo,ta,393
bo,th,393
bo,tr,392
bo,uk,393
bo,ur,393
bo,zh-min-nan,375
bo,zh,393
br,ca,904
br,cs,897
br,cy,902
br,da,897
br,eo,904
br,et,900
br,eu,893
br,fa,904
br,fi,902
br,gl,904
br,he,902
br,hi,848
br,hu,887
br,hy,881
br,id,897
br,ka,853
br,kk,899
br,ko,904
br,la,904
br,lt,889
br,ms,878
br,nn,896
br,no,900
br,pt,902
br,ro,896
br,sh,899
br,simple,901
br,sk,878
br,sl,904
br,sr,904
br,ta,904
br,th,898
br,tr,900
br,uk,904
br,ur,900
br,zh-min-nan,847
br,zh,904
bs,ca,1010
bs,cs,1001
bs,cy,999
bs,da,999
bs,eo,1009
bs,et,1002
bs,eu,988
bs,fa,1009
bs,fi,1007
bs,gl,1010
bs,he,1007
bs,hi,947
bs,hu,982
bs,hy,980
bs,id,1000
bs,ka,941
bs,kk,1004
bs,ko,1010
bs,la,1009
bs,lt,986
bs,ms,975
bs,nn,995
bs,no,1002
bs,pt,1006
bs,ro,1000
bs,sh,1004
bs,simple,1005
bs,sk,980
bs,sl,1010
bs,sr,1010
bs,ta,1008
bs,th,1002
bs,tr,1005
bs,uk,1010
bs,ur,1002
bs,zh-min-nan,931
bs,zh,1010
bxr,ca,697
bxr,cs,691
bxr,cy,694
bxr,da,694
bxr,eo,697
bxr,et,695
bxr,eu,688
bxr,fa,697
bxr,fi,696
bxr,gl,697
bxr,he,696
bxr,hi,655
bxr,hu,687
bxr,hy,686
bxr,id,694
bxr,ka,670
bxr,kk,692
bxr,ko,697
bxr,la,697
bxr,lt,684
bxr,ms,681
bxr,nn,691
bxr,no,695
bxr,pt,695
bxr,ro,692
bxr,sh,693
bxr,simple,696
bxr,sk,679
bxr,sl,697
bxr,sr,697
bxr,ta,697
bxr,th,695
bxr,tr,692
bxr,uk,697
bxr,ur,692
bxr,zh-min-nan,659
bxr,zh,697
ca,cs,1002
ca,cy,1000
ca,da,1000
ca,eo,1010
ca,et,1003
ca,eu,989
ca,fa,1010
ca,fi,1008
ca,gl,1011
ca,he,1008
ca,hi,948
ca,hu,983
ca,hy,981
ca,id,1001
ca,ka,942
ca,kk,1005
ca,ko,1011
ca,la,1010
ca,lt,987
ca,ms,976
ca,nn,996
ca,no,1003
ca,pt,1007
ca,ro,1001
ca,sh,1005
ca,simple,1006
ca,sk,981
ca,sl,1011
ca,sr,1011
ca,ta,1009
ca,th,1003
ca,tr,1006
ca,uk,1011
ca,ur,1003
ca,zh-min-nan,932
ca,zh,1011
cdo,cs,450
cdo,cy,451
cdo,da,452
cdo,eo,451
cdo,et,450
cdo,eu,445
cdo,fa,451
cdo,fi,451
cdo,gl,451
cdo,he,451
cdo,hi,432
cdo,hu,444
cdo,hy,442
cdo,id,450
cdo,ka,432
cdo,kk,449
cdo,ko,451
cdo,la,452
cdo,lt,444
cdo,ms,447
cdo,nn,448
cdo,no,450
cdo,pt,451
cdo,ro,449
cdo,sh,449
cdo,simple,450
cdo,sk,445
cdo,sl,451
cdo,sr,451
cdo,ta,450
cdo,th,448
cdo,tr,450
cdo,uk,451
cdo,ur,449
cdo,zh-min-nan,444
cdo,zh,451
ckb,cs,971
ckb,cy,971
ckb,da,972
ckb,eo,976
ckb,et,970
ckb,eu,958
ckb,fa,976
ckb,fi,975
ckb,gl,976
ckb,he,975
ckb,hi,918
ckb,hu,951
ckb,hy,951
ckb,id,968
ckb,ka,922
ckb,kk,973
ckb,ko,976
ckb,la,977
ckb,lt,959
ckb,ms,950
ckb,nn,967
ckb,no,972
ckb,pt,974
ckb,ro,970
ckb,sh,972
ckb,simple,973
ckb,sk,948
ckb,sl,976
ckb,sr,976
ckb,ta,975
ckb,th,971
ckb,tr,974
ckb,uk,976
ckb,ur,974
ckb,zh-min-nan,907
ckb,zh,976
cs,cy,991
cs,da,995
cs,eo,1001
cs,et,995
cs,eu,981
cs,fa,1002
cs,fi,1000
cs,gl,1002
cs,he,1001
cs,hi,941
cs,hu,976
cs,hy,974
cs,id,992
cs,ka,936
cs,kk,996
cs,ko,1002
cs,la,1002
cs,lt,979
cs,ms,969
cs,nn,988
cs,no,995
cs,pt,999
cs,ro,994
cs,sh,996
cs,simple,998
cs,sk,974
cs,sl,1002
cs,sr,1002
cs,ta,1000
cs,th,995
cs,tr,998
cs,uk,1002
cs,ur,995
cs,zh-min-nan,927
cs,zh,1002
cy,da,991
cy,eo,999
cy,et,993
cy,eu,982
cy,fa,999
cy,fi,998
cy,gl,1000
cy,he,997
cy,hi,940
cy,hu,972
cy,hy,972
cy,id,991
cy,ka,934
cy,kk,996
cy,ko,1000
cy,la,1000
cy,lt,978
cy,ms,968
cy,nn,986
cy,no,993
cy,pt,997
cy,ro,993
cy,sh,996
cy,simple,995
cy,sk,970
cy,sl,1000
cy,sr,1000
cy,ta,999
cy,th,992
cy,tr,997
cy,uk,1000
cy,ur,992
cy,zh-min-nan,923
cy,zh,1000
da,eo,999
da,et,993
da,eu,980
da,fa,1000
da,fi,998
da,gl,1000
da,he,998
da,hi,940
da,hu,974
da,hy,972
da,id,991
da,ka,938
da,kk,994
da,ko,1000
da,la,1001
da,lt,978
da,ms,970
da,nn,988
da,no,995
da,pt,998
da,ro,992
da,sh,994
da,simple,996
da,sk,971
da,sl,1000
da,sr,1000
da,ta,999
da,th,992
da,tr,995
da,uk,1000
da,ur,993
da,zh-min-nan,926
da,zh,1000
de,eo,999
de,et,995
de,eu,980
de,fa,999
de,fi,998
de,gl,1000
de,he,997
de,hi,937
de,hu,977
de,hy,971
de,id,991
de,ka,934
de,kk,994
de,ko,1000
de,la,999
de,lt,978
de,ms,966
de,nn,987
de,no,992
de,pt,996
de,ro,992
de,sh,996
de,simple,995
de,sk,972
de,sl,1000
de,sr,1000
de,ta,999
de,th,993
de,tr,995
de,uk,1000
de,ur,992
de,zh-min-nan,923
de,zh,1000
el,eo,1004
el,et,997
el,eu,985
el,fa,1004
el,fi,1003
el,gl,1005
el,he,1002
el,hi,945
el,hu,978
el,hy,976
el,id,997
el,ka,938
el,kk,1001
el,ko,1005
el,la,1005
el,lt,982
el,ms,973
el,nn,990
el,no,997
el,pt,1002
el,ro,997
el,sh,1001
el,simple,1000
el,sk,976
el,sl,1005
el,sr,1005
el,ta,1004
el,th,997
el,tr,1002
el,uk,1005
el,ur,997
el,zh-min-nan,928
el,zh,1005
en,eo,1007
en,et,1001
en,eu,986
en,fa,1008
en,fi,1005
en,gl,1008
en,he,1006
en,hi,946
en,hu,982
en,hy,979
en,id,998
en,ka,940
en,kk,1002
en,ko,1008
en,la,1007
en,lt,984
en,ms,974
en,nn,994
en,no,1001
en,pt,1005
en,ro,999
en,sh,1003
en,simple,1004
en,sk,979
en,sl,1008
en,sr,1008
en,ta,1007
en,th,1001
en,tr,1003
en,uk,1008
en,ur,1001
en,zh-min-nan,929
en,zh,1008
eo,et,1002
eo,eu,988
eo,fa,1009
eo,fi,1007
eo,gl,1010
eo,he,1007
eo,hi,947
eo,hu,982
eo,hy,980
eo,id,1000
eo,ka,941
eo,kk,1005
eo,ko,1010
eo,la,1009
eo,lt,987
eo,ms,975
eo,nn,995
eo,no,1002
eo,pt,1006
eo,ro,1000
eo,sh,1004
eo,simple,1005
eo,sk,980
eo,sl,1010
eo,sr,1010
eo,ta,1008
eo,th,1003
eo,tr,1005
eo,uk,1010
eo,ur,1002
eo,zh-min-nan,931
eo,zh,1010
es,et,1001
es,eu,988
es,fa,1008
es,fi,1006
es,gl,1009
es,he,1006
es,hi,947
es,hu,982
es,hy,979
es,id,999
es,ka,940
es,kk,1003
es,ko,1009
es,la,1008
es,lt,985
es,ms,974
es,nn,995
es,no,1001
es,pt,1005
es,ro,999
es,sh,1003
es,simple,1004
es,sk,979
es,sl,1009
es,sr,1009
es,ta,1007
es,th,1002
es,tr,1004
es,uk,1009
es,ur,1001
es,zh-min-nan,931
es,zh,1009
et,eu,983
et,fa,1002
et,fi,1001
et,gl,1003
et,he,1001
et,hi,941
et,hu,979
et,hy,976
et,id,994
et,ka,937
et,kk,997
et,ko,1003
et,la,1002
et,lt,980
et,ms,971
et,nn,989
et,no,995
et,pt,1000
et,ro,993
et,sh,998
et,simple,998
et,sk,974
et,sl,1003
et,sr,1003
et,ta,1002
et,th,996
et,tr,998
et,uk,1003
et,ur,996
et,zh-min-nan,925
et,zh,1003
eu,fa,988
eu,fi,987
eu,gl,989
eu,he,987
eu,hi,929
eu,hu,965
eu,hy,965
eu,id,980
eu,ka,925
eu,kk,984
eu,ko,989
eu,la,989
eu,lt,969
eu,ms,958
eu,nn,976
eu,no,982
eu,pt,986
eu,ro,980
eu,sh,983
eu,simple,985
eu,sk,963
eu,sl,989
eu,sr,989
eu,ta,988
eu,th,983
eu,tr,984
eu,uk,989
eu,ur,982
eu,zh-min-nan,915
eu,zh,989
fa,fi,1007
fa,gl,1010
fa,he,1008
fa,hi,948
fa,hu,983
fa,hy,981
fa,id,1000
fa,ka,942
fa,kk,1004
fa,ko,1010
fa,la,1009
fa,lt,986
fa,ms,976
fa,nn,996
fa,no,1003
fa,pt,1006
fa,ro,1001
fa,sh,1004
fa,simple,1006
fa,sk,980
fa,sl,1010
fa,sr,1010
fa,ta,1008
fa,th,1002
fa,tr,1005
fa,uk,1010
fa,ur,1003
fa,zh-min-nan,931
fa,zh,1010
fi,gl,1008
fi,he,1006
fi,hi,946
fi,hu,981
fi,hy,979
fi,id,1000
fi,ka,939
fi,kk,1002
fi,ko,1008
fi,la,1008
fi,lt,987
fi,ms,975
fi,nn,994
fi,no,1000
fi,pt,1005
fi,ro,998
fi,sh,1002
fi,simple,1003
fi,sk,979
fi,sl,1008
fi,sr,1008
fi,ta,1007
fi,th,1000
fi,tr,1003
fi,uk,1008
fi,ur,1001
fi,zh-min-nan,930
fi,zh,1008
fo,gl,565
fo,he,564
fo,hi,541
fo,hu,561
fo,hy,557
fo,id,562
fo,ka,552
fo,kk,563
fo,ko,565
fo,la,565
fo,lt,560
fo,ms,561
fo,nn,564
fo,no,563
fo,pt,565
fo,ro,564
fo,sh,565
fo,simple,564
fo,sk,557
fo,sl,565
fo,sr,565
fo,ta,565
fo,th,562
fo,tr,564
fo,uk,565
fo,ur,563
fo,zh-min-nan,540
fo,zh,565
fr,gl,1005
fr,he,1003
fr,hi,946
fr,hu,978
fr,hy,976
fr,id,996
fr,ka,937
fr,kk,999
fr,ko,1005
fr,la,1004
fr,lt,981
fr,ms,971
fr,nn,992
fr,no,998
fr,pt,1001
fr,ro,996
fr,sh,999
fr,simple,1001
fr,sk,975
fr,sl,1005
fr,sr,1005
fr,ta,1003
fr,th,997
fr,tr,1000
fr,uk,1005
fr,ur,998
fr,zh-min-nan,926
fr,zh,1005
ga,gl,874
ga,he,873
ga,hi,825
ga,hu,856
ga,hy,856
ga,id,868
ga,ka,827
ga,kk,870
ga,ko,874
ga,la,875
ga,lt,861
ga,ms,855
ga,nn,864
ga,no,870
ga,pt,873
ga,ro,872
ga,sh,871
ga,simple,871
ga,sk,854
ga,sl,874
ga,sr,874
ga,ta,873
ga,th,867
ga,tr,873
ga,uk,874
ga,ur,869
ga,zh-min-nan,828
ga,zh,874
gl,he,1008
gl,hi,948
gl,hu,983
gl,hy,981
gl,id,1001
gl,ka,942
gl,kk,1005
gl,ko,1011
gl,la,1010
gl,lt,987
gl,ms,976
gl,nn,996
gl,no,1003
gl,pt,1007
gl,ro,1001
gl,sh,1005
gl,simple,1006
gl,sk,981
gl,sl,1011
gl,sr,1011
gl,ta,1009
gl,th,1003
gl,tr,1006
gl,uk,1011
gl,ur,1003
gl,zh-min-nan,932
gl,zh,1011
gn,he,409
gn,hi,399
gn,hu,401
gn,hy,404
gn,id,406
gn,ka,392
gn,kk,408
gn,ko,409
gn,la,409
gn,lt,407
gn,ms,405
gn,nn,407
gn,no,408
gn,pt,409
gn,ro,408
gn,sh,406
gn,simple,408
gn,sk,406
gn,sl,409
gn,sr,409
gn,ta,408
gn,th,404
gn,tr,409
gn,uk,409
gn,ur,406
gn,zh-min-nan,400
gn,zh,409
he,hi,946
he,hu,982
he,hy,981
he,id,999
he,ka,940
he,kk,1002
he,ko,1008
he,la,1007
he,lt,985
he,ms,976
he,nn,995
he,no,1001
he,pt,1004
he,ro,999
he,sh,1002
he,simple,1004
he,sk,978
he,sl,1008
he,sr,1008
he,ta,1006
he,th,1000
he,tr,1003
he,uk,1008
he,ur,1002
he,zh-min-nan,930
he,zh,1008
hi,hu,924
hi,hy,922
hi,id,941
hi,ka,885
hi,kk,944
hi,ko,948
hi,la,948
hi,lt,928
hi,ms,922
hi,nn,934
hi,no,941
hi,pt,945
hi,ro,942
hi,sh,944
hi,simple,944
hi,sk,921
hi,sl,948
hi,sr,948
hi,ta,947
hi,th,941
hi,tr,945
hi,uk,948
hi,ur,942
hi,zh-min-nan,879
hi,zh,948
hu,hy,958
hu,id,975
hu,ka,921
hu,kk,977
hu,ko,983
hu,la,982
hu,lt,964
hu,ms,954
hu,nn,973
hu,no,977
hu,pt,979
hu,ro,976
hu,sh,979
hu,simple,979
hu,sk,959
hu,sl,983
hu,sr,983
hu,ta,982
hu,th,977
hu,tr,978
hu,uk,983
hu,ur,977
hu,zh-min-nan,912
hu,zh,983
hy,id,973
hy,ka,920
hy,kk,975
hy,ko,981
hy,la,980
hy,lt,963
hy,ms,952
hy,nn,971
hy,no,976
hy,pt,978
hy,ro,974
hy,sh,975
hy,simple,978
hy,sk,953
hy,sl,981
hy,sr,981
hy,ta,979
hy,th,975
hy,tr,976
hy,uk,981
hy,ur,975
hy,zh-min-nan,907
hy,zh,981
ia,id,790
ia,ka,759
ia,kk,790
ia,ko,794
ia,la,794
ia,lt,778
ia,ms,775
ia,nn,787
ia,no,791
ia,pt,793
ia,ro,789
ia,sh,790
ia,simple,791
ia,sk,781
ia,sl,794
ia,sr,794
ia,ta,793
ia,th,788
ia,tr,793
ia,uk,794
ia,ur,788
ia,zh-min-nan,750
ia,zh,794
id,ka,933
id,kk,995
id,ko,1001
id,la,1001
id,lt,979
id,ms,968
id,nn,987
id,no,993
id,pt,998
id,ro,991
id,sh,995
id,simple,997
id,sk,972
id,sl,1001
id,sr,1001
id,ta,1000
id,th,993
id,tr,996
id,uk,1001
id,ur,994
id,zh-min-nan,926
id,zh,1001
io,ka,758
io,kk,785
io,ko,786
io,la,786
io,lt,774
io,ms,770
io,nn,777
io,no,781
io,pt,785
io,ro,782
io,sh,783
io,simple,785
io,sk,774
io,sl,786
io,sr,786
io,ta,785
io,th,783
io,tr,786
io,uk,786
io,ur,782
io,zh-min-nan,737
io,zh,786
is,ka,929
is,kk,987
is,ko,992
is,la,993
is,lt,973
is,ms,963
is,nn,981
is,no,986
is,pt,990
is,ro,983
is,sh,986
is,simple,988
is,sk,964
is,sl,992
is,sr,992
is,ta,991
is,th,985
is,tr,988
is,uk,992
is,ur,987
is,zh-min-nan,924
is,zh,992
it,ka,934
it,kk,996
it,ko,1002
it,la,1001
it,lt,978
it,ms,968
it,nn,989
it,no,996
it,pt,998
it,ro,993
it,sh,996
it,simple,997
it,sk,973
it,sl,1002
it,sr,1002
it,ta,1000
it,th,994
it,tr,997
it,uk,1002
it,ur,994
it,zh-min-nan,925
it,zh,1002
ja,ka,939
ja,kk,1003
ja,ko,1008
ja,la,1008
ja,lt,986
ja,ms,974
ja,nn,993
ja,no,1000
ja,pt,1005
ja,ro,998
ja,sh,1002
ja,simple,1004
ja,sk,978
ja,sl,1008
ja,sr,1008
ja,ta,1007
ja,th,1001
ja,tr,1003
ja,uk,1008
ja,ur,1000
ja,zh-min-nan,929
ja,zh,1008
ka,kk,938
ka,ko,942
ka,la,941
ka,lt,924
ka,ms,917
ka,nn,933
ka,no,938
ka,pt,939
ka,ro,939
ka,sh,939
ka,simple,940
ka,sk,920
ka,sl,942
ka,sr,942
ka,ta,940
ka,th,936
ka,tr,940
ka,uk,942
ka,ur,937
ka,zh-min-nan,876
ka,zh,942
kbp,kk,535
kbp,ko,537
kbp,la,537
kbp,lt,534
kbp,ms,531
kbp,nn,536
kbp,no,536
kbp,pt,535
kbp,ro,537
kbp,sh,537
kbp,simple,535
kbp,sk,523
kbp,sl,537
kbp,sr,537
kbp,ta,537
kbp,th,534
kbp,tr,537
kbp,uk,537
kbp,ur,535
kbp,zh-min-nan,521
kbp,zh,537
kk,ko,1005
kk,la,1004
kk,lt,982
kk,ms,973
kk,nn,991
kk,no,997
kk,pt,1001
kk,ro,997
kk,sh,1001
kk,simple,1000
kk,sk,975
kk,sl,1005
kk,sr,1005
kk,ta,1003
kk,th,998
kk,tr,1002
kk,uk,1005
kk,ur,997
kk,zh-min-nan,926
kk,zh,1005
kn,ko,692
kn,la,693
kn,lt,683
kn,ms,678
kn,nn,682
kn,no,689
kn,pt,692
kn,ro,689
kn,sh,688
kn,simple,689
kn,sk,676
kn,sl,692
kn,sr,692
kn,ta,691
kn,th,688
kn,tr,691
kn,uk,692
kn,ur,689
kn,zh-min-nan,656
kn,zh,692
ko,la,1010
ko,lt,987
ko,ms,976
ko,nn,996
ko,no,1003
ko,pt,1007
ko,ro,1001
ko,sh,1005
ko,simple,1006
ko,sk,981
ko,sl,1011
ko,sr,1011
ko,ta,1009
ko,th,1003
ko,tr,1006
ko,uk,1011
ko,ur,1003
ko,zh-min-nan,932
ko,zh,1011
lad,la,322
lad,lt,321
lad,ms,320
lad,nn,319
lad,no,320
lad,pt,321
lad,ro,321
lad,sh,321
lad,simple,321
lad,sk,321
lad,sl,322
lad,sr,322
lad,ta,322
lad,th,320
lad,tr,322
lad,uk,322
lad,ur,321
lad,zh-min-nan,318
lad,zh,322
la,lt,987
la,ms,976
la,nn,995
la,no,1002
la,pt,1008
la,ro,1000
la,sh,1004
la,simple,1005
la,sk,980
la,sl,1010
la,sr,1010
la,ta,1009
la,th,1002
la,tr,1005
la,uk,1010
la,ur,1002
la,zh-min-nan,932
la,zh,1010
lt,ms,958
lt,nn,976
lt,no,981
lt,pt,984
lt,ro,979
lt,sh,981
lt,simple,982
lt,sk,960
lt,sl,987
lt,sr,987
lt,ta,986
lt,th,980
lt,tr,983
lt,uk,987
lt,ur,981
lt,zh-min-nan,914
lt,zh,987
lv,ms,976
lv,nn,994
lv,no,1001
lv,pt,1005
lv,ro,1001
lv,sh,1005
lv,simple,1004
lv,sk,979
lv,sl,1009
lv,sr,1009
lv,ta,1007
lv,th,1001
lv,tr,1006
lv,uk,1009
lv,ur,1001
lv,zh-min-nan,930
lv,zh,1009
mk,ms,927
mk,nn,942
mk,no,948
mk,pt,951
mk,ro,946
mk,sh,948
mk,simple,950
mk,sk,930
mk,sl,953
mk,sr,953
mk,ta,953
mk,th,948
mk,tr,948
mk,uk,953
mk,ur,948
mk,zh-min-nan,892
mk,zh,953
ml,ms,976
ml,nn,993
ml,no,1000
ml,pt,1005
ml,ro,1000
ml,sh,1004
ml,simple,1003
ml,sk,978
ml,sl,1008
ml,sr,1008
ml,ta,1007
ml,th,1000
ml,tr,1005
ml,uk,1008
ml,ur,1000
ml,zh-min-nan,929
ml,zh,1008
mn,ms,783
mn,nn,789
mn,no,790
mn,pt,791
mn,ro,789
mn,sh,792
mn,simple,789
mn,sk,781
mn,sl,793
mn,sr,793
mn,ta,791
mn,th,789
mn,tr,792
mn,uk,793
mn,ur,790
mn,zh-min-nan,752
mn,zh,793
mr,ms,821
mr,nn,834
mr,no,836
mr,pt,838
mr,ro,832
mr,sh,833
mr,simple,836
mr,sk,824
mr,sl,839
mr,sr,839
mr,ta,838
mr,th,833
mr,tr,836
mr,uk,839
mr,ur,836
mr,zh-min-nan,797
mr,zh,839
ms,nn,965
ms,no,970
ms,pt,974
ms,ro,969
ms,sh,973
ms,simple,973
ms,sk,950
ms,sl,976
ms,sr,976
ms,ta,975
ms,th,969
ms,tr,974
ms,uk,976
ms,ur,972
ms,zh-min-nan,907
ms,zh,976
mt,nn,263
mt,no,266
mt,pt,267
mt,ro,267
mt,sh,266
mt,simple,267
mt,sk,265
mt,sl,267
mt,sr,267
mt,ta,266
mt,th,266
mt,tr,267
mt,uk,267
mt,ur,266
mt,zh-min-nan,263
mt,zh,267
mwl,nn,443
mwl,no,443
mwl,pt,446
mwl,ro,444
mwl,sh,444
mwl,simple,445
mwl,sk,442
mwl,sl,446
mwl,sr,446
mwl,ta,446
mwl,th,443
mwl,tr,445
mwl,uk,446
mwl,ur,445
mwl,zh-min-nan,425
mwl,zh,446
my,nn,770
my,no,774
my,pt,777
my,ro,774
my,sh,775
my,simple,776
my,sk,767
my,sl,778
my,sr,778
my,ta,777
my,th,776
my,tr,776
my,uk,778
my,ur,776
my,zh-min-nan,736
my,zh,778
mzn,nn,343
mzn,no,344
mzn,pt,343
mzn,ro,344
mzn,sh,344
mzn,simple,343
mzn,sk,341
mzn,sl,344
mzn,sr,344
mzn,ta,344
mzn,th,343
mzn,tr,344
mzn,uk,344
mzn,ur,344
mzn,zh-min-nan,330
mzn,zh,344
nds,nn,480
nds,no,480
nds,pt,482
nds,ro,481
nds,sh,482
nds,simple,481
nds,sk,479
nds,sl,483
nds,sr,483
nds,ta,483
nds,th,483
nds,tr,481
nds,uk,483
nds,ur,481
nds,zh-min-nan,470
nds,zh,483
new,nn,699
new,no,703
new,pt,702
new,ro,701
new,sh,702
new,simple,702
new,sk,690
new,sl,704
new,sr,704
new,ta,703
new,th,697
new,tr,704
new,uk,704
new,ur,701
new,zh-min-nan,675
new,zh,704
nl,nn,993
nl,no,1000
nl,pt,1002
nl,ro,999
nl,sh,1001
nl,simple,1001
nl,sk,976
nl,sl,1006
nl,sr,1006
nl,ta,1005
nl,th,999
nl,tr,1002
nl,uk,1006
nl,ur,998
nl,zh-min-nan,929
nl,zh,1006
nn,no,994
nn,pt,992
nn,ro,990
nn,sh,991
nn,simple,992
nn,sk,968
nn,sl,996
nn,sr,996
nn,ta,994
nn,th,988
nn,tr,992
nn,uk,996
nn,ur,992
nn,zh-min-nan,921
nn,zh,996
no,pt,999
no,ro,996
no,sh,997
no,simple,999
no,sk,974
no,sl,1003
no,sr,1003
no,ta,1001
no,th,995
no,tr,999
no,uk,1003
no,ur,997
no,zh-min-nan,926
no,zh,1003
oc,pt,1005
oc,ro,999
oc,sh,1002
oc,simple,1003
oc,sk,978
oc,sl,1008
oc,sr,1008
oc,ta,1007
oc,th,1000
oc,tr,1003
oc,uk,1008
oc,ur,1000
oc,zh-min-nan,929
oc,zh,1008
pa,pt,996
pa,ro,990
pa,sh,993
pa,simple,995
pa,sk,969
pa,sl,999
pa,sr,999
pa,ta,998
pa,th,991
pa,tr,994
pa,uk,999
pa,ur,992
pa,zh-min-nan,922
pa,zh,999
pl,pt,1003
pl,ro,997
pl,sh,1001
pl,simple,1002
pl,sk,980
pl,sl,1007
pl,sr,1007
pl,ta,1005
pl,th,999
pl,tr,1002
pl,uk,1007
pl,ur,1000
pl,zh-min-nan,930
pl,zh,1007
pt,ro,997
pt,sh,1001
pt,simple,1002
pt,sk,978
pt,sl,1007
pt,sr,1007
pt,ta,1006
pt,th,999
pt,tr,1002
pt,uk,1007
pt,ur,999
pt,zh-min-nan,929
pt,zh,1007
qu,ro,708
qu,sh,707
qu,simple,707
qu,sk,701
qu,sl,710
qu,sr,710
qu,ta,709
qu,th,705
qu,tr,709
qu,uk,710
qu,ur,706
qu,zh-min-nan,687
qu,zh,710
ro,sh,999
ro,simple,997
ro,sk,971
ro,sl,1001
ro,sr,1001
ro,ta,999
ro,th,993
ro,tr,1000
ro,uk,1001
ro,ur,994
ro,zh-min-nan,924
ro,zh,1001
ru,sh,1005
ru,simple,1006
ru,sk,981
ru,sl,1011
ru,sr,1011
ru,ta,1009
ru,th,1003
ru,tr,1006
ru,uk,1011
ru,ur,1003
ru,zh-min-nan,932
ru,zh,1011
sco,sh,974
sco,simple,975
sco,sk,952
sco,sl,979
sco,sr,979
sco,ta,977
sco,th,972
sco,tr,976
sco,uk,979
sco,ur,974
sco,zh-min-nan,908
sco,zh,979
sh,simple,1000
sh,sk,975
sh,sl,1005
sh,sr,1005
sh,ta,1004
sh,th,998
sh,tr,1003
sh,uk,1005
sh,ur,997
sh,zh-min-nan,926
sh,zh,1005
simple,sk,977
simple,sl,1006
simple,sr,1006
simple,ta,1004
simple,th,999
simple,tr,1001
simple,uk,1006
simple,ur,1000
simple,zh-min-nan,928
simple,zh,1006
sk,sl,981
sk,sr,981
sk,ta,979
sk,th,974
sk,tr,977
sk,uk,981
sk,ur,975
sk,zh-min-nan,913
sk,zh,981
sl,sr,1011
sl,ta,1009
sl,th,1003
sl,tr,1006
sl,uk,1011
sl,ur,1003
sl,zh-min-nan,932
sl,zh,1011
sq,sr,884
sq,ta,883
sq,th,881
sq,tr,883
sq,uk,884
sq,ur,881
sq,zh-min-nan,825
sq,zh,884
sr,ta,1009
sr,th,1003
sr,tr,1006
sr,uk,1011
sr,ur,1003
sr,zh-min-nan,932
sr,zh,1011
sv,ta,1006
sv,th,1000
sv,tr,1003
sv,uk,1007
sv,ur,1000
sv,zh-min-nan,929
sv,zh,1007
sw,ta,974
sw,th,968
sw,tr,971
sw,uk,976
sw,ur,969
sw,zh-min-nan,904
sw,zh,976
ta,th,1002
ta,tr,1004
ta,uk,1009
ta,ur,1001
ta,zh-min-nan,930
ta,zh,1009
te,th,702
te,tr,705
te,uk,706
te,ur,700
te,zh-min-nan,662
te,zh,706
th,tr,998
th,uk,1003
th,ur,996
th,zh-min-nan,926
th,zh,1003
tl,tr,917
tl,uk,922
tl,ur,916
tl,zh-min-nan,865
tl,zh,922
tr,uk,1006
tr,ur,999
tr,zh-min-nan,929
tr,zh,1006
tt,uk,881
tt,ur,877
tt,zh-min-nan,821
tt,zh,881
uk,ur,1003
uk,zh-min-nan,932
uk,zh,1011
ur,zh-min-nan,928
ur,zh,1003
vi,zh-min-nan,931
vi,zh,1010
war,zh-min-nan,930
war,zh,1009
wuu,zh-min-nan,598
wuu,zh,623
xmf,zh-min-nan,590
xmf,zh,614
yi,zh-min-nan,933
yi,zh,1011
zh-classical,zh-min-nan,387
zh-classical,zh,401
zh-min-nan,zh,932
zh-yue,zh,1011
ab,ar,113
ab,az,113
ab,be,113
ab,bg,113
ab,ca,113
ab,ce,103
ab,cs,113
ab,cy,113
ab,da,113
ab,eo,113
ab,et,113
ab,eu,113
ab,fa,113
ab,fi,113
ab,gl,113
ab,he,113
ab,hi,107
ab,hr,113
ab,hu,113
ab,hy,112
ab,id,113
ab,ka,112
ab,kk,113
ab,ko,113
ab,la,113
ab,lt,113
ab,ms,113
ab,nn,113
ab,no,113
ab,pt,113
ab,ro,113
ab,sh,113
ab,simple,113
ab,sk,113
ab,sl,113
ab,sr,113
ab,ta,113
ab,th,113
ab,tr,113
ab,uk,113
ab,ur,113
ab,uz,111
ab,vo,76
ab,zh-min-nan,112
ab,zh,113
af,ce,598
af,hr,933
af,uz,868
af,vo,311
als,ce,620
als,hr,998
als,uz,914
als,vo,316
am,ar,694
am,az,683
am,be,694
am,bg,694
am,ca,694
am,ce,513
am,cs,689
am,cy,692
am,da,691
am,eo,693
am,et,692
am,eu,689
am,fa,694
am,fi,692
am,gl,694
am,he,692
am,hi,664
am,hr,689
am,hu,683
am,hy,685
am,id,692
am,ka,678
am,kk,691
am,ko,694
am,la,694
am,lt,682
am,ms,683
am,nn,686
am,no,691
am,pt,693
am,ro,691
am,sh,692
am,simple,693
am,sk,684
am,sl,694
am,sr,694
am,ta,694
am,th,691
am,tr,694
am,uk,694
am,ur,690
am,uz,661
am,vo,300
am,zh-min-nan,659
am,zh,694
ang,ar,330
ang,az,324
ang,be,330
ang,bg,330
ang,ca,330
ang,ce,254
ang,cs,329
ang,cy,330
ang,da,331
ang,eo,330
ang,et,328
ang,eu,329
ang,fa,330
ang,fi,330
ang,gl,330
ang,he,329
ang,hi,323
ang,hr,330
ang,hu,325
ang,hy,325
ang,id,330
ang,ka,321
ang,kk,329
ang,ko,330
ang,la,331
ang,lt,329
ang,ms,329
ang,nn,329
ang,no,330
ang,pt,331
ang,ro,329
ang,sh,328
ang,simple,329
ang,sk,326
ang,sl,330
ang,sr,330
ang,ta,329
ang,th,327
ang,tr,330
ang,uk,330
ang,ur,329
ang,uz,320
ang,vo,152
ang,zh-min-nan,327
ang,zh,330
an,ce,621
an,hr,1001
an,uz,917
an,vo,316
ar,ce,622
ar,hr,1001
ar,uz,918
ar,vo,316
arz,az,670
arz,be,676
arz,bg,676
arz,ca,676
arz,ce,507
arz,cs,673
arz,cy,675
arz,da,674
arz,eo,676
arz,et,676
arz,eu,671
arz,fa,676
arz,fi,675
arz,gl,676
arz,he,676
arz,hi,639
arz,hr,671
arz,hu,669
arz,hy,662
arz,id,674
arz,ka,653
arz,kk,674
arz,ko,676
arz,la,676
arz,lt,672
arz,ms,665
arz,nn,672
arz,no,675
arz,pt,674
arz,ro,674
arz,sh,675
arz,simple,675
arz,sk,664
arz,sl,676
arz,sr,676
arz,ta,676
arz,th,674
arz,tr,676
arz,uk,676
arz,ur,674
arz,uz,638
arz,vo,291
arz,zh-min-nan,648
arz,zh,676
ast,ce,619
ast,hr,992
ast,uz,912
ast,vo,315
ay,az,256
ay,be,259
ay,bg,259
ay,ca,259
ay,ce,206
ay,cs,259
ay,cy,259
ay,da,259
ay,eo,259
ay,et,259
ay,eu,259
ay,fa,259
ay,fi,259
ay,gl,259
ay,he,259
ay,hi,238
ay,hr,258
ay,hu,256
ay,hy,257
ay,id,259
ay,ka,254
ay,kk,258
ay,ko,259
ay,la,259
ay,lt,257
ay,ms,256
ay,nn,257
ay,no,259
ay,pt,259
ay,ro,258
ay,sh,258
ay,simple,259
ay,sk,258
ay,sl,259
ay,sr,259
ay,ta,259
ay,th,258
ay,tr,259
ay,uk,259
ay,ur,259
ay,uz,253
ay,vo,150
ay,zh-min-nan,254
ay,zh,259
az,ce,614
az,hr,964
az,uz,891
az,vo,316
bar,ce,432
bar,hr,594
bar,uz,555
bar,vo,244
bat-smg,ce,556
bat-smg,hr,792
bat-smg,uz,743
bat-smg,vo,308
ba,ce,622
ba,hr,1002
ba,uz,918
ba,vo,316
bcl,be,237
bcl,bg,237
bcl,ca,237
bcl,ce,216
bcl,cs,237
bcl,cy,237
bcl,da,237
bcl,eo,237
bcl,et,237
bcl,eu,237
bcl,fa,237
bcl,fi,237
bcl,gl,237
bcl,he,237
bcl,hi,232
bcl,hr,236
bcl,hu,235
bcl,hy,235
bcl,id,236
bcl,ka,236
bcl,kk,236
bcl,ko,237
bcl,la,237
bcl,lt,235
bcl,ms,237
bcl,nn,237
bcl,no,237
bcl,pt,237
bcl,ro,236
bcl,sh,237
bcl,simple,237
bcl,sk,236
bcl,sl,237
bcl,sr,237
bcl,ta,237
bcl,th,237
bcl,tr,237
bcl,uk,237
bcl,ur,237
bcl,uz,234
bcl,vo,156
bcl,zh-min-nan,234
bcl,zh,237
be-x-old,ce,621
be-x-old,hr,997
be-x-old,uz,917
be-x-old,vo,316
be,ce,622
be,hr,1001
be,uz,917
be,vo,316
bg,ce,622
bg,hr,1002
bg,uz,918
bg,vo,316
bm,ca,124
bm,ce,105
bm,cs,124
bm,cy,124
bm,da,124
bm,eo,124
bm,et,124
bm,eu,122
bm,fa,124
bm,fi,124
bm,gl,124
bm,he,124
bm,hi,123
bm,hr,123
bm,hu,123
bm,hy,124
bm,id,124
bm,ka,122
bm,kk,124
bm,ko,124
bm,la,124
bm,lt,124
bm,ms,124
bm,nn,123
bm,no,123
bm,pt,124
bm,ro,124
bm,sh,124
bm,simple,124
bm,sk,121
bm,sl,124
bm,sr,124
bm,ta,124
bm,th,124
bm,tr,124
bm,uk,124
bm,ur,124
bm,uz,122
bm,vo,78
bm,zh-min-nan,121
bm,zh,124
bn,ce,590
bn,hr,943
bn,uz,874
bn,vo,304
br,ce,600
br,hr,897
br,uz,832
br,vo,315
bs,ce,622
bs,hr,1001
bs,uz,917
bs,vo,316
bxr,ce,487
bxr,hr,690
bxr,uz,659
bxr,vo,285
ca,ce,622
ca,hr,1002
ca,uz,918
ca,vo,316
ceb,ce,289
ceb,cs,390
ceb,cy,389
ceb,da,390
ceb,eo,390
ceb,et,389
ceb,eu,388
ceb,fa,390
ceb,fi,388
ceb,gl,390
ceb,he,390
ceb,hi,375
ceb,hr,389
ceb,hu,385
ceb,hy,386
ceb,id,388
ceb,ka,381
ceb,kk,389
ceb,ko,390
ceb,la,390
ceb,lt,388
ceb,ms,388
ceb,nn,387
ceb,no,389
ceb,pt,390
ceb,ro,390
ceb,sh,389
ceb,simple,390
ceb,sk,381
ceb,sl,390
ceb,sr,390
ceb,ta,388
ceb,th,389
ceb,tr,390
ceb,uk,390
ceb,ur,388
ceb,uz,378
ceb,vo,189
ceb,zh-min-nan,380
ceb,zh,390
ce,cs,620
ce,cy,621
ce,da,616
ce,eo,622
ce,et,622
ce,eu,612
ce,fa,622
ce,fi,622
ce,gl,622
ce,he,622
ce,hi,577
ce,hr,619
ce,hu,614
ce,hy,610
ce,id,619
ce,ka,595
ce,kk,620
ce,ko,622
ce,la,622
ce,lt,612
ce,ms,606
ce,nn,615
ce,no,619
ce,pt,621
ce,ro,617
ce,sh,620
ce,simple,622
ce,sk,614
ce,sl,622
ce,sr,622
ce,ta,622
ce,th,620
ce,tr,622
ce,uk,622
ce,ur,620
ce,uz,583
ce,vo,290
ce,zh-min-nan,584
ce,zh,622
ckb,hr,970
ckb,uz,896
ckb,vo,315
crh,cs,152
crh,cy,152
crh,da,152
crh,eo,152
crh,et,152
crh,eu,152
crh,fa,152
crh,fi,152
crh,gl,152
crh,he,152
crh,hi,151
crh,hr,152
crh,hu,151
crh,hy,152
crh,id,152
crh,ka,152
crh,kk,151
crh,ko,152
crh,la,152
crh,lt,151
crh,ms,152
crh,nn,152
crh,no,152
crh,pt,152
crh,ro,152
crh,sh,152
crh,simple,151
crh,sk,151
crh,sl,152
crh,sr,152
crh,ta,152
crh,th,152
crh,tr,152
crh,uk,152
crh,ur,152
crh,uz,151
crh,vo,113
crh,zh-min-nan,150
crh,zh,152
csb,cs,178
csb,cy,178
csb,da,178
csb,eo,178
csb,et,178
csb,eu,177
csb,fa,178
csb,fi,178
csb,gl,178
csb,he,178
csb,hi,173
csb,hr,177
csb,hu,177
csb,hy,177
csb,id,177
csb,ka,174
csb,kk,176
csb,ko,178
csb,la,178
csb,lt,177
csb,ms,176
csb,nn,177
csb,no,178
csb,pt,178
csb,ro,177
csb,sh,177
csb,simple,177
csb,sk,176
csb,sl,178
csb,sr,178
csb,ta,178
csb,th,177
csb,tr,178
csb,uk,178
csb,ur,177
csb,uz,175
csb,vo,91
csb,zh-min-nan,175
csb,zh,178
cs,hr,997
cs,uz,912
cs,vo,316
cu,cy,98
cu,da,98
cu,eo,98
cu,et,98
cu,eu,98
cu,fa,98
cu,fi,98
cu,gl,98
cu,he,98
cu,hi,98
cu,hr,98
cu,hu,98
cu,hy,98
cu,id,98
cu,ka,98
cu,kk,97
cu,ko,98
cu,la,98
cu,lt,97
cu,ms,98
cu,nn,98
cu,no,98
cu,pt,98
cu,ro,98
cu,sh,98
cu,simple,98
cu,sk,97
cu,sl,98
cu,sr,98
cu,ta,98
cu,th,98
cu,tr,98
cu,uk,98
cu,ur,97
cu,uz,98
cu,vo,73
cu,zh-min-nan,97
cu,zh,98
cv,cy,515
cv,da,514
cv,eo,516
cv,et,516
cv,eu,513
cv,fa,516
cv,fi,516
cv,gl,516
cv,he,516
cv,hi,498
cv,hr,514
cv,hu,512
cv,hy,512
cv,id,515
cv,ka,504
cv,kk,514
cv,ko,516
cv,la,516
cv,lt,512
cv,ms,511
cv,nn,512
cv,no,514
cv,pt,516
cv,ro,515
cv,sh,514
cv,simple,515
cv,sk,512
cv,sl,516
cv,sr,516
cv,ta,516
cv,th,512
cv,tr,516
cv,uk,516
cv,ur,515
cv,uz,499
cv,vo,227
cv,zh-min-nan,499
cv,zh,516
cy,hr,991
cy,uz,914
cy,vo,316
da,hr,994
da,uz,911
da,vo,316
de,hr,995
de,uz,910
de,vo,316
dsb,eo,223
dsb,et,223
dsb,eu,221
dsb,fa,223
dsb,fi,223
dsb,gl,223
dsb,he,223
dsb,hi,215
dsb,hr,223
dsb,hu,221
dsb,hy,222
dsb,id,222
dsb,ka,221
dsb,kk,222
dsb,ko,223
dsb,la,223
dsb,lt,221
dsb,ms,223
dsb,nn,221
dsb,no,223
dsb,pt,222
dsb,ro,222
dsb,sh,222
dsb,simple,223
dsb,sk,221
dsb,sl,223
dsb,sr,223
dsb,ta,223
dsb,th,222
dsb,tr,223
dsb,uk,223
dsb,ur,223
dsb,uz,214
dsb,vo,136
dsb,zh-min-nan,220
dsb,zh,223
el,hr,996
el,uz,916
el,vo,316
en,hr,1000
en,uz,916
en,vo,316
eo,hr,1001
eo,uz,917
eo,vo,316
es,hr,1000
es,uz,917
es,vo,316
et,hr,995
et,uz,914
et,vo,316
eu,hr,981
eu,uz,906
eu,vo,316
fa,hr,1001
fa,uz,918
fa,vo,316
ff,fi,56
ff,gl,56
ff,he,56
ff,hi,56
ff,hr,56
ff,hu,56
ff,hy,56
ff,id,55
ff,ka,56
ff,kk,55
ff,ko,56
ff,la,56
ff,lt,56
ff,ms,56
ff,nn,56
ff,no,56
ff,pt,56
ff,ro,56
ff,sh,56
ff,simple,56
ff,sk,56
ff,sl,56
ff,sr,56
ff,ta,56
ff,th,56
ff,tr,56
ff,uk,56
ff,ur,56
ff,uz,56
ff,vo,44
ff,zh-min-nan,55
ff,zh,56
fiu-vro,fi,548
fiu-vro,gl,548
fiu-vro,he,547
fiu-vro,hi,535
fiu-vro,hr,545
fiu-vro,hu,544
fiu-vro,hy,534
fiu-vro,id,545
fiu-vro,ka,528
fiu-vro,kk,545
fiu-vro,ko,548
fiu-vro,la,548
fiu-vro,lt,544
fiu-vro,ms,544
fiu-vro,nn,547
fiu-vro,no,547
fiu-vro,pt,547
fiu-vro,ro,546
fiu-vro,sh,547
fiu-vro,simple,546
fiu-vro,sk,541
fiu-vro,sl,548
fiu-vro,sr,548
fiu-vro,ta,548
fiu-vro,th,544
fiu-vro,tr,547
fiu-vro,uk,548
fiu-vro,ur,547
fiu-vro,uz,521
fiu-vro,vo,200
fiu-vro,zh-min-nan,529
fiu-vro,zh,548
fi,hr,1000
fi,uz,917
fi,vo,316
fo,hr,560
fo,uz,539
fo,vo,249
frp,gl,172
frp,he,172
frp,hi,169
frp,hr,172
frp,hu,171
frp,hy,170
frp,id,171
frp,ka,172
frp,kk,170
frp,ko,172
frp,la,171
frp,lt,171
frp,ms,171
frp,nn,172
frp,no,172
frp,pt,171
frp,ro,172
frp,sh,172
frp,simple,171
frp,sk,172
frp,sl,172
frp,sr,172
frp,ta,171
frp,th,172
frp,tr,172
frp,uk,172
frp,ur,171
frp,uz,170
frp,vo,116
frp,zh-min-nan,171
frp,zh,172
frr,gl,361
frr,he,361
frr,hi,352
frr,hr,359
frr,hu,358
frr,hy,356
frr,id,360
frr,ka,352
frr,kk,358
frr,ko,361
frr,la,361
frr,lt,357
frr,ms,358
frr,nn,357
frr,no,360
frr,pt,361
frr,ro,361
frr,sh,361
frr,simple,360
frr,sk,359
frr,sl,361
frr,sr,361
frr,ta,361
frr,th,359
frr,tr,361
frr,uk,361
frr,ur,359
frr,uz,349
frr,vo,152
frr,zh-min-nan,349
frr,zh,361
fr,hr,996
fr,uz,913
fr,vo,316
fy,gl,741
fy,he,740
fy,hi,708
fy,hr,741
fy,hu,734
fy,hy,730
fy,id,735
fy,ka,716
fy,kk,739
fy,ko,741
fy,la,740
fy,lt,735
fy,ms,727
fy,nn,736
fy,no,737
fy,pt,740
fy,ro,737
fy,sh,739
fy,simple,738
fy,sk,733
fy,sl,741
fy,sr,741
fy,ta,740
fy,th,737
fy,tr,739
fy,uk,741
fy,ur,738
fy,uz,695
fy,vo,279
fy,zh-min-nan,710
fy,zh,741
ga,hr,869
ga,uz,814
ga,vo,306
gd,gl,534
gd,he,534
gd,hi,516
gd,hr,531
gd,hu,527
gd,hy,531
gd,id,534
gd,ka,517
gd,kk,532
gd,ko,534
gd,la,534
gd,lt,531
gd,ms,531
gd,nn,530
gd,no,530
gd,pt,534
gd,ro,532
gd,sh,532
gd,simple,533
gd,sk,527
gd,sl,534
gd,sr,534
gd,ta,534
gd,th,532
gd,tr,534
gd,uk,534
gd,ur,534
gd,uz,516
gd,vo,235
gd,zh-min-nan,516
gd,zh,534
gl,hr,1002
gl,uz,918
gl,vo,316
gn,hr,403
gn,uz,394
gn,vo,175
got,he,103
got,hi,101
got,hr,102
got,hu,102
got,hy,103
got,id,103
got,ka,102
got,kk,101
got,ko,103
got,la,103
got,lt,102
got,ms,103
got,nn,103
got,no,103
got,pt,103
got,ro,103
got,sh,102
got,simple,102
got,sk,102
got,sl,103
got,sr,103
got,ta,102
got,th,102
got,tr,103
got,uk,103
got,ur,103
got,uz,102
got,vo,68
got,zh-min-nan,103
got,zh,103
hak,he,444
hak,hi,426
hak,hr,442
hak,hu,438
hak,hy,436
hak,id,444
hak,ka,432
hak,kk,443
hak,ko,444
hak,la,444
hak,lt,440
hak,ms,443
hak,nn,440
hak,no,442
hak,pt,443
hak,ro,439
hak,sh,442
hak,simple,443
hak,sk,438
hak,sl,444
hak,sr,444
hak,ta,444
hak,th,443
hak,tr,442
hak,uk,444
hak,ur,444
hak,uz,425
hak,vo,207
hak,zh-min-nan,434
hak,zh,444
ha,he,158
ha,hi,155
ha,hr,157
ha,hu,155
ha,hy,157
ha,id,158
ha,ka,155
ha,kk,158
ha,ko,158
ha,la,158
ha,lt,157
ha,ms,158
ha,nn,157
ha,no,158
ha,pt,158
ha,ro,158
ha,sh,158
ha,simple,157
ha,sk,156
ha,sl,158
ha,sr,158
ha,ta,158
ha,th,158
ha,tr,158
ha,uk,158
ha,ur,157
ha,uz,157
ha,vo,103
ha,zh-min-nan,152
ha,zh,158
haw,he,149
haw,hi,147
haw,hr,149
haw,hu,149
haw,hy,149
haw,id,147
haw,ka,148
haw,kk,148
haw,ko,149
haw,la,149
haw,lt,149
haw,ms,149
haw,nn,149
haw,no,149
haw,pt,149
haw,ro,149
haw,sh,149
haw,simple,148
haw,sk,148
haw,sl,149
haw,sr,149
haw,ta,149
haw,th,149
haw,tr,149
haw,uk,149
haw,ur,149
haw,uz,149
haw,vo,111
haw,zh-min-nan,148
haw,zh,149
he,hr,999
he,uz,917
he,vo,316
hif,hi,727
hif,hr,765
hif,hu,754
hif,hy,757
hif,id,764
hif,ka,747
hif,kk,765
hif,ko,769
hif,la,769
hif,lt,756
hif,ms,748
hif,nn,765
hif,no,766
hif,pt,768
hif,ro,763
hif,sh,765
hif,simple,768
hif,sk,749
hif,sl,769
hif,sr,769
hif,ta,768
hif,th,766
hif,tr,767
hif,uk,769
hif,ur,767
hif,uz,720
hif,vo,312
hif,zh-min-nan,725
hif,zh,769
hi,hr,939
hi,uz,873
hi,vo,289
hr,hu,978
hr,hy,972
hr,id,992
hr,ka,936
hr,kk,996
hr,ko,1002
hr,la,1002
hr,lt,980
hr,ms,967
hr,nn,987
hr,no,995
hr,pt,999
hr,ro,993
hr,sh,997
hr,simple,997
hr,sk,974
hr,sl,1002
hr,sr,1002
hr,ta,1001
hr,th,995
hr,tr,997
hr,uk,1002
hr,ur,994
hr,uz,912
hr,vo,316
hr,zh-min-nan,927
hr,zh,1002
hsb,hu,282
hsb,hy,283
hsb,id,284
hsb,ka,279
hsb,kk,284
hsb,ko,285
hsb,la,285
hsb,lt,281
hsb,ms,285
hsb,nn,283
hsb,no,285
hsb,pt,284
hsb,ro,283
hsb,sh,284
hsb,simple,285
hsb,sk,283
hsb,sl,285
hsb,sr,285
hsb,ta,285
hsb,th,284
hsb,tr,285
hsb,uk,285
hsb,ur,284
hsb,uz,277
hsb,vo,163
hsb,zh-min-nan,278
hsb,zh,285
hu,uz,897
hu,vo,315
hy,uz,901
hy,vo,315
ia,uz,744
ia,vo,301
id,uz,911
id,vo,316
ie,ka,242
ie,kk,242
ie,ko,243
ie,la,243
ie,lt,242
ie,ms,240
ie,nn,242
ie,no,242
ie,pt,243
ie,ro,243
ie,sh,243
ie,simple,243
ie,sk,242
ie,sl,243
ie,sr,243
ie,ta,243
ie,th,242
ie,tr,243
ie,uk,243
ie,ur,242
ie,uz,240
ie,vo,158
ie,zh-min-nan,236
ie,zh,243
ilo,ka,810
ilo,kk,842
ilo,ko,845
ilo,la,846
ilo,lt,831
ilo,ms,820
ilo,nn,840
ilo,no,844
ilo,pt,844
ilo,ro,841
ilo,sh,841
ilo,simple,843
ilo,sk,818
ilo,sl,845
ilo,sr,845
ilo,ta,844
ilo,th,839
ilo,tr,843
ilo,uk,845
ilo,ur,843
ilo,uz,783
ilo,vo,309
ilo,zh-min-nan,794
ilo,zh,845
io,uz,741
io,vo,305
is,uz,905
is,vo,316
it,uz,912
it,vo,316
iu,ka,117
iu,kk,123
iu,ko,123
iu,la,123
iu,lt,122
iu,ms,123
iu,nn,122
iu,no,122
iu,pt,123
iu,ro,122
iu,sh,122
iu,simple,123
iu,sk,122
iu,sl,123
iu,sr,123
iu,ta,123
iu,th,123
iu,tr,123
iu,uk,123
iu,ur,123
iu,uz,121
iu,vo,60
iu,zh-min-nan,120
iu,zh,123
ja,uz,917
ja,vo,316
jbo,ka,313
jbo,kk,315
jbo,ko,317
jbo,la,317
jbo,lt,315
jbo,ms,316
jbo,nn,313
jbo,no,316
jbo,pt,317
jbo,ro,315
jbo,sh,316
jbo,simple,317
jbo,sk,316
jbo,sl,317
jbo,sr,317
jbo,ta,317
jbo,th,317
jbo,tr,317
jbo,uk,317
jbo,ur,317
jbo,uz,308
jbo,vo,164
jbo,zh-min-nan,314
jbo,zh,317
jv,ka,746
jv,kk,778
jv,ko,781
jv,la,782
jv,lt,770
jv,ms,770
jv,nn,773
jv,no,776
jv,pt,781
jv,ro,776
jv,sh,781
jv,simple,779
jv,sk,767
jv,sl,781
jv,sr,781
jv,ta,781
jv,th,778
jv,tr,780
jv,uk,781
jv,ur,777
jv,uz,737
jv,vo,283
jv,zh-min-nan,744
jv,zh,781
kaa,ka,339
kaa,kk,342
kaa,ko,343
kaa,la,343
kaa,lt,339
kaa,ms,338
kaa,nn,341
kaa,no,342
kaa,pt,343
kaa,ro,342
kaa,sh,341
kaa,simple,343
kaa,sk,337
kaa,sl,343
kaa,sr,343
kaa,ta,342
kaa,th,340
kaa,tr,343
kaa,uk,343
kaa,ur,342
kaa,uz,336
kaa,vo,225
kaa,zh-min-nan,328
kaa,zh,343
ka,uz,865
ka,vo,315
kbp,uz,518
kbp,vo,257
ki,kk,112
ki,ko,113
ki,la,113
ki,lt,112
ki,ms,113
ki,nn,113
ki,no,113
ki,pt,113
ki,ro,113
ki,sh,113
ki,simple,112
ki,sk,112
ki,sl,113
ki,sr,113
ki,ta,113
ki,th,113
ki,tr,113
ki,uk,113
ki,ur,113
ki,uz,112
ki,vo,77
ki,zh-min-nan,110
ki,zh,113
kk,uz,914
kk,vo,315
kl,ko,165
kl,la,165
kl,lt,165
kl,ms,165
kl,nn,165
kl,no,165
kl,pt,165
kl,ro,165
kl,sh,165
kl,simple,165
kl,sk,161
kl,sl,165
kl,sr,165
kl,ta,165
kl,th,165
kl,tr,165
kl,uk,165
kl,ur,165
kl,uz,163
kl,vo,123
kl,zh-min-nan,162
kl,zh,165
kn,uz,656
kn,vo,249
ko,uz,918
ko,vo,316
ksh,la,151
ksh,lt,151
ksh,ms,149
ksh,nn,149
ksh,no,151
ksh,pt,150
ksh,ro,150
ksh,sh,150
ksh,simple,151
ksh,sk,151
ksh,sl,151
ksh,sr,151
ksh,ta,151
ksh,th,151
ksh,tr,151
ksh,uk,151
ksh,ur,151
ksh,uz,147
ksh,vo,83
ksh,zh-min-nan,148
ksh,zh,151
ku,la,681
ku,lt,671
ku,ms,671
ku,nn,675
ku,no,676
ku,pt,679
ku,ro,676
ku,sh,677
ku,simple,679
ku,sk,671
ku,sl,680
ku,sr,680
ku,ta,679
ku,th,677
ku,tr,679
ku,uk,680
ku,ur,679
ku,uz,648
ku,vo,259
ku,zh-min-nan,650
ku,zh,680
kv,la,159
kv,lt,159
kv,ms,158
kv,nn,157
kv,no,158
kv,pt,159
kv,ro,159
kv,sh,159
kv,simple,159
kv,sk,158
kv,sl,159
kv,sr,159
kv,ta,159
kv,th,159
kv,tr,159
kv,uk,159
kv,ur,159
kv,uz,157
kv,vo,103
kv,zh-min-nan,158
kv,zh,159
lad,uz,309
lad,vo,180
la,uz,918
la,vo,316
lb,lt,663
lb,ms,657
lb,nn,659
lb,no,664
lb,pt,665
lb,ro,664
lb,sh,665
lb,simple,664
lb,sk,658
lb,sl,666
lb,sr,666
lb,ta,666
lb,th,664
lb,tr,665
lb,uk,666
lb,ur,663
lb,uz,633
lb,vo,291
lb,zh-min-nan,640
lb,zh,666
lez,lt,382
lez,ms,380
lez,nn,381
lez,no,382
lez,pt,382
lez,ro,382
lez,sh,382
lez,simple,382
lez,sk,380
lez,sl,382
lez,sr,382
lez,ta,382
lez,th,382
lez,tr,382
lez,uk,382
lez,ur,381
lez,uz,373
lez,vo,199
lez,zh-min-nan,374
lez,zh,382
lij,lt,337
lij,ms,333
lij,nn,337
lij,no,338
lij,pt,337
lij,ro,337
lij,sh,337
lij,simple,337
lij,sk,336
lij,sl,338
lij,sr,338
lij,ta,338
lij,th,338
lij,tr,338
lij,uk,338
lij,ur,338
lij,uz,326
lij,vo,198
lij,zh-min-nan,325
lij,zh,338
li,lt,729
li,ms,719
li,nn,730
li,no,733
li,pt,734
li,ro,733
li,sh,735
li,simple,733
li,sk,725
li,sl,737
li,sr,737
li,ta,737
li,th,733
li,tr,736
li,uk,737
li,ur,733
li,uz,693
li,vo,285
li,zh-min-nan,698
li,zh,737
lmo,lt,521
lmo,ms,527
lmo,nn,529
lmo,no,528
lmo,pt,529
lmo,ro,528
lmo,sh,529
lmo,simple,529
lmo,sk,527
lmo,sl,530
lmo,sr,530
lmo,ta,528
lmo,th,528
lmo,tr,530
lmo,uk,530
lmo,ur,529
lmo,uz,516
lmo,vo,244
lmo,zh-min-nan,508
lmo,zh,530
ln,lt,331
ln,ms,334
ln,nn,331
ln,no,333
ln,pt,335
ln,ro,334
ln,sh,334
ln,simple,335
ln,sk,329
ln,sl,335
ln,sr,335
ln,ta,335
ln,th,333
ln,tr,335
ln,uk,335
ln,ur,334
ln,uz,324
ln,vo,145
ln,zh-min-nan,325
ln,zh,335
lo,lt,283
lo,ms,283
lo,nn,285
lo,no,285
lo,pt,286
lo,ro,286
lo,sh,286
lo,simple,286
lo,sk,284
lo,sl,287
lo,sr,287
lo,ta,287
lo,th,287
lo,tr,287
lo,uk,287
lo,ur,286
lo,uz,277
lo,vo,106
lo,zh-min-nan,281
lo,zh,287
lt,uz,900
lt,vo,313
lv,uz,918
lv,vo,316
mdf,ms,109
mdf,nn,109
mdf,no,110
mdf,pt,110
mdf,ro,109
mdf,sh,109
mdf,simple,110
mdf,sk,109
mdf,sl,110
mdf,sr,110
mdf,ta,110
mdf,th,110
mdf,tr,110
mdf,uk,110
mdf,ur,110
mdf,uz,108
mdf,vo,75
mdf,zh-min-nan,106
mdf,zh,110
mg,ms,524
mg,nn,532
mg,no,532
mg,pt,534
mg,ro,532
mg,sh,533
mg,simple,532
mg,sk,526
mg,sl,534
mg,sr,534
mg,ta,534
mg,th,531
mg,tr,534
mg,uk,534
mg,ur,532
mg,uz,504
mg,vo,282
mg,zh-min-nan,512
mg,zh,534
mk,uz,874
mk,vo,313
ml,uz,918
ml,vo,316
mn,uz,745
mn,vo,304
mr,uz,785
mr,vo,306
ms,uz,897
ms,vo,311
mwl,uz,427
mwl,vo,192
myv,nn,184
myv,no,184
myv,pt,185
myv,ro,184
myv,sh,184
myv,simple,184
myv,sk,182
myv,sl,184
myv,sr,184
myv,ta,184
myv,th,183
myv,tr,184
myv,uk,184
myv,ur,184
myv,uz,177
myv,vo,122
myv,zh-min-nan,178
myv,zh,184
my,uz,727
my,vo,276
mzn,uz,332
mzn,vo,175
nah,nn,364
nah,no,367
nah,pt,367
nah,ro,366
nah,sh,366
nah,simple,366
nah,sk,362
nah,sl,367
nah,sr,367
nah,ta,367
nah,th,367
nah,tr,367
nah,uk,367
nah,ur,366
nah,uz,355
nah,vo,187
nah,zh-min-nan,359
nah,zh,367
na,nn,138
na,no,138
na,pt,138
na,ro,138
na,sh,138
na,simple,138
na,sk,137
na,sl,138
na,sr,138
na,ta,138
na,th,138
na,tr,138
na,uk,138
na,ur,137
na,uz,136
na,vo,117
na,zh-min-nan,136
na,zh,138
nds,uz,466
nds,vo,203
ne,nn,555
ne,no,559
ne,pt,559
ne,ro,560
ne,sh,560
ne,simple,560
ne,sk,545
ne,sl,561
ne,sr,561
ne,ta,561
ne,th,558
ne,tr,560
ne,uk,561
ne,ur,558
ne,uz,535
ne,vo,202
ne,zh-min-nan,531
ne,zh,561
new,uz,652
new,vo,248
nl,uz,915
nl,vo,316
nn,uz,909
nn,vo,316
nov,no,215
nov,pt,215
nov,ro,215
nov,sh,214
nov,simple,214
nov,sk,215
nov,sl,215
nov,sr,215
nov,ta,214
nov,th,214
nov,tr,215
nov,uk,215
nov,ur,214
nov,uz,212
nov,vo,138
nov,zh-min-nan,213
nov,zh,215
no,uz,912
no,vo,316
nrm,pt,259
nrm,ro,259
nrm,sh,259
nrm,simple,259
nrm,sk,254
nrm,sl,260
nrm,sr,260
nrm,ta,260
nrm,th,260
nrm,tr,260
nrm,uk,260
nrm,ur,258
nrm,uz,252
nrm,vo,104
nrm,zh-min-nan,253
nrm,zh,260
oc,uz,917
oc,vo,316
os,pt,354
os,ro,354
os,sh,354
os,simple,355
os,sk,351
os,sl,355
os,sr,355
os,ta,355
os,th,355
os,tr,355
os,uk,355
os,ur,354
os,uz,344
os,vo,201
os,zh-min-nan,348
os,zh,355
pa,uz,909
pa,vo,315
pfl,pt,94
pfl,ro,94
pfl,sh,94
pfl,simple,94
pfl,sk,94
pfl,sl,94
pfl,sr,94
pfl,ta,94
pfl,th,94
pfl,tr,94
pfl,uk,94
pfl,ur,93
pfl,uz,92
pfl,vo,54
pfl,zh-min-nan,94
pfl,zh,94
pl,uz,916
pl,vo,316
pms,pt,634
pms,ro,633
pms,sh,633
pms,simple,633
pms,sk,622
pms,sl,634
pms,sr,634
pms,ta,634
pms,th,633
pms,tr,633
pms,uk,634
pms,ur,631
pms,uz,598
pms,vo,301
pms,zh-min-nan,596
pms,zh,634
pnb,pt,994
pnb,ro,989
pnb,sh,992
pnb,simple,995
pnb,sk,970
pnb,sl,998
pnb,sr,998
pnb,ta,996
pnb,th,991
pnb,tr,994
pnb,uk,998
pnb,ur,995
pnb,uz,912
pnb,vo,316
pnb,zh-min-nan,924
pnb,zh,998
pt,uz,916
pt,vo,316
qu,uz,669
qu,vo,279
rm,ro,226
rm,sh,227
rm,simple,226
rm,sk,225
rm,sl,227
rm,sr,227
rm,ta,227
rm,th,227
rm,tr,226
rm,uk,227
rm,ur,227
rm,uz,222
rm,vo,127
rm,zh-min-nan,223
rm,zh,227
rn,ro,39
rn,sh,39
rn,simple,39
rn,sk,39
rn,sl,39
rn,sr,39
rn,ta,39
rn,th,39
rn,tr,39
rn,uk,39
rn,ur,39
rn,uz,39
rn,vo,31
rn,zh-min-nan,38
rn,zh,39
ro,uz,915
ro,vo,316
rue,sh,804
rue,simple,807
rue,sk,792
rue,sl,808
rue,sr,808
rue,ta,807
rue,th,804
rue,tr,806
rue,uk,808
rue,ur,806
rue,uz,761
rue,vo,313
rue,zh-min-nan,759
rue,zh,808
ru,uz,918
ru,vo,316
rw,sh,153
rw,simple,154
rw,sk,153
rw,sl,154
rw,sr,154
rw,ta,154
rw,th,154
rw,tr,154
rw,uk,154
rw,ur,153
rw,uz,150
rw,vo,94
rw,zh-min-nan,152
rw,zh,154
sah,sh,687
sah,simple,689
sah,sk,683
sah,sl,690
sah,sr,690
sah,ta,689
sah,th,688
sah,tr,689
sah,uk,690
sah,ur,688
sah,uz,659
sah,vo,283
sah,zh-min-nan,658
sah,zh,690
sa,sh,408
sa,simple,408
sa,sk,400
sa,sl,410
sa,sr,410
sa,ta,410
sa,th,408
sa,tr,410
sa,uk,410
sa,ur,408
sa,uz,391
sa,vo,181
sa,zh-min-nan,393
sa,zh,410
scn,sh,731
scn,simple,733
scn,sk,724
scn,sl,734
scn,sr,734
scn,ta,733
scn,th,729
scn,tr,734
scn,uk,734
scn,ur,734
scn,uz,693
scn,vo,277
scn,zh-min-nan,698
scn,zh,734
sco,uz,896
sco,vo,316
sc,sh,334
sc,simple,334
sc,sk,329
sc,sl,335
sc,sr,335
sc,ta,334
sc,th,334
sc,tr,335
sc,uk,335
sc,ur,335
sc,uz,321
sc,vo,188
sc,zh-min-nan,325
sc,zh,335
se,sh,213
se,simple,213
se,sk,210
se,sl,213
se,sr,213
se,ta,213
se,th,212
se,tr,213
se,uk,213
se,ur,213
se,uz,207
se,vo,133
se,zh-min-nan,205
se,zh,213
sh,uz,915
sh,vo,316
simple,uz,916
simple,vo,316
si,sk,548
si,sl,561
si,sr,561
si,ta,561
si,th,560
si,tr,560
si,uk,561
si,ur,559
si,uz,530
si,vo,181
si,zh-min-nan,524
si,zh,561
sk,uz,893
sk,vo,315
sl,uz,918
sl,vo,316
so,sr,485
so,ta,484
so,th,483
so,tr,484
so,uk,485
so,ur,483
so,uz,470
so,vo,164
so,zh-min-nan,465
so,zh,485
sq,uz,822
sq,vo,312
sr,uz,918
sr,vo,316
ss,ta,74
ss,th,74
ss,tr,74
ss,uk,74
ss,ur,74
ss,uz,74
ss,vo,58
ss,zh-min-nan,74
ss,zh,74
sv,uz,915
sv,vo,316
sw,uz,890
sw,vo,314
szl,ta,307
szl,th,307
szl,tr,307
szl,uk,307
szl,ur,306
szl,uz,303
szl,vo,184
szl,zh-min-nan,303
szl,zh,307
ta,uz,917
ta,vo,316
te,uz,662
te,vo,227
tg,th,566
tg,tr,569
tg,uk,571
tg,ur,567
tg,uz,545
tg,vo,214
tg,zh-min-nan,539
tg,zh,571
th,uz,912
th,vo,316
tl,uz,844
tl,vo,299
tpi,tr,145
tpi,uk,145
tpi,ur,145
tpi,uz,145
tpi,vo,103
tpi,zh-min-nan,145
tpi,zh,145
tr,uz,916
tr,vo,316
tt,uz,818
tt,vo,311
udm,uk,148
udm,ur,148
udm,uz,145
udm,vo,96
udm,zh-min-nan,145
udm,zh,148
ug,uk,331
ug,ur,330
ug,uz,319
ug,vo,160
ug,zh-min-nan,320
ug,zh,331
uk,uz,918
uk,vo,316
ur,uz,914
ur,vo,316
uz,vo,306
uz,zh-min-nan,855
uz,zh,918
vec,vo,212
vec,zh-min-nan,487
vec,zh,502
vep,vo,237
vep,zh-min-nan,435
vep,zh,451
vi,vo,316
vls,vo,114
vls,zh-min-nan,238
vls,zh,242
vo,zh-min-nan,310
vo,zh,316
wa,zh-min-nan,370
wa,zh,387
wo,zh-min-nan,192
wo,zh,197
xal,zh-min-nan,185
xal,zh,188
yo,zh-min-nan,460
yo,zh,475
za,zh-min-nan,283
za,zh,294
zea,zh-min-nan,201
zea,zh,204
diq,eo,472
diq,et,472
diq,eu,468
diq,fa,472
diq,fi,471
diq,gl,472
diq,he,472
diq,hi,459
diq,hr,468
diq,hu,465
diq,hy,466
diq,id,471
diq,ka,461
diq,kk,470
diq,ko,472
diq,la,472
diq,lt,467
diq,ms,468
diq,nn,470
diq,no,471
diq,pt,472
diq,ro,471
diq,sh,470
diq,simple,471
diq,sk,468
diq,sl,472
diq,sr,472
diq,ta,472
diq,th,471
diq,tr,472
diq,uk,472
diq,ur,471
diq,zh-min-nan,454
diq,zh,472
eml,eo,197
eml,et,196
eml,eu,197
eml,fa,197
eml,fi,197
eml,gl,197
eml,he,197
eml,hi,188
eml,hr,197
eml,hu,192
eml,hy,196
eml,id,196
eml,ka,190
eml,kk,196
eml,ko,197
eml,la,197
eml,lt,196
eml,ms,196
eml,nn,196
eml,no,197
eml,pt,197
eml,ro,196
eml,sh,196
eml,simple,196
eml,sk,195
eml,sl,197
eml,sr,197
eml,ta,197
eml,th,196
eml,tr,197
eml,uk,197
eml,ur,197
eml,zh-min-nan,191
eml,zh,197
gan,gl,475
gan,he,475
gan,hi,454
gan,hr,471
gan,hu,467
gan,hy,468
gan,id,475
gan,ka,453
gan,kk,473
gan,ko,475
gan,la,475
gan,lt,468
gan,ms,467
gan,nn,470
gan,no,472
gan,pt,474
gan,ro,472
gan,sh,474
gan,simple,474
gan,sk,467
gan,sl,475
gan,sr,475
gan,ta,475
gan,th,473
gan,tr,475
gan,uk,475
gan,ur,473
gan,zh-min-nan,452
gan,zh,475
jam,ka,567
jam,kk,595
jam,ko,598
jam,la,598
jam,lt,592
jam,ms,589
jam,nn,593
jam,no,594
jam,pt,596
jam,ro,596
jam,sh,597
jam,simple,597
jam,sk,589
jam,sl,598
jam,sr,598
jam,ta,598
jam,th,596
jam,tr,597
jam,uk,598
jam,ur,596
jam,zh-min-nan,567
jam,zh,598
tk,tr,356
tk,uk,356
tk,ur,356
tk,zh-min-nan,348
tk,zh,356
azb,az,611
azb,be,616
azb,bg,616
azb,ca,616
azb,cs,610
azb,cy,612
azb,da,611
azb,eo,616
azb,et,615
azb,eu,609
azb,fa,616
azb,fi,615
azb,gl,616
azb,he,615
azb,hi,597
azb,hr,611
azb,hu,607
azb,hy,606
azb,id,613
azb,ka,595
azb,kk,612
azb,ko,616
azb,la,616
azb,lt,607
azb,ms,601
azb,nn,610
azb,no,615
azb,pt,616
azb,ro,610
azb,sh,611
azb,simple,614
azb,sk,601
azb,sl,616
azb,sr,616
azb,ta,616
azb,th,614
azb,tr,612
azb,uk,616
azb,ur,612
azb,uz,590
azb,zh-min-nan,581
azb,zh,616
fur,gl,272
fur,he,272
fur,hi,266
fur,hr,272
fur,hu,269
fur,hy,264
fur,id,271
fur,ka,267
fur,kk,271
fur,ko,272
fur,la,272
fur,lt,269
fur,ms,268
fur,nn,270
fur,no,270
fur,pt,272
fur,ro,271
fur,sh,271
fur,simple,272
fur,sk,268
fur,sl,272
fur,sr,272
fur,ta,272
fur,th,272
fur,tr,272
fur,uk,272
fur,ur,272
fur,uz,262
fur,zh-min-nan,267
fur,zh,272
ky,la,649
ky,lt,640
ky,ms,636
ky,nn,644
ky,no,645
ky,pt,647
ky,ro,646
ky,sh,645
ky,simple,647
ky,sk,636
ky,sl,649
ky,sr,649
ky,ta,647
ky,th,645
ky,tr,647
ky,uk,649
ky,ur,644
ky,uz,625
ky,zh-min-nan,617
ky,zh,649
stq,ta,342
stq,th,340
stq,tr,342
stq,uk,342
stq,ur,341
stq,uz,337
stq,zh-min-nan,332
stq,zh,342
tk,uz,345
cdo,hr,447
pap,pt,236
pap,ro,236
pap,sh,236
pap,simple,235
pap,sk,233
pap,sl,236
pap,sr,236
pap,ta,236
pap,th,235
pap,tr,236
pap,uk,236
pap,ur,235
pap,zh-min-nan,228
pap,zh,236
rmy,ro,112
rmy,sh,113
rmy,simple,113
rmy,sk,113
rmy,sl,113
rmy,sr,113
rmy,ta,113
rmy,th,113
rmy,tr,112
rmy,uk,113
rmy,ur,112
rmy,zh-min-nan,110
rmy,zh,113
krc,la,269
krc,lt,266
krc,ms,266
krc,nn,265
krc,no,266
krc,pt,269
krc,ro,267
krc,sh,267
krc,simple,267
krc,sk,263
krc,sl,268
krc,sr,268
krc,ta,268
krc,th,268
krc,tr,268
krc,uk,268
krc,ur,268
krc,uz,259
krc,zh-min-nan,258
krc,zh,268
roa-tara,ro,219
roa-tara,sh,219
roa-tara,simple,219
roa-tara,sk,216
roa-tara,sl,219
roa-tara,sr,219
roa-tara,ta,219
roa-tara,th,218
roa-tara,tr,219
roa-tara,uk,219
roa-tara,ur,218
roa-tara,uz,215
roa-tara,zh-min-nan,209
roa-tara,zh,219
diq,uz,451
sd,sh,336
sd,simple,337
sd,sk,330
sd,sl,338
sd,sr,338
sd,ta,338
sd,th,337
sd,tr,336
sd,uk,338
sd,ur,337
sd,uz,321
sd,zh-min-nan,317
sd,zh,338
arc,ar,262
arc,az,258
arc,be,262
arc,bg,262
arc,ca,262
arc,ce,195
arc,cy,262
arc,eo,262
arc,et,261
arc,eu,261
arc,fa,262
arc,fi,262
arc,gl,262
arc,he,262
arc,hi,257
arc,hu,257
arc,hy,257
arc,id,261
arc,kk,259
arc,ko,262
arc,la,262
arc,lt,261
arc,ms,261
arc,nn,258
arc,no,260
arc,pt,262
arc,ro,261
arc,sh,261
arc,simple,261
arc,sk,259
arc,sl,262
arc,sr,262
arc,ta,262
arc,th,261
arc,tr,262
arc,uk,262
arc,ur,261
arc,uz,258
arc,zh,262
as,az,481
as,be,495
as,bg,495
as,ca,495
as,ce,298
as,cy,493
as,eo,494
as,et,490
as,eu,488
as,fa,495
as,fi,495
as,gl,495
as,he,494
as,hi,484
as,hu,485
as,hy,486
as,id,493
as,kk,494
as,ko,495
as,la,495
as,lt,489
as,ms,488
as,nn,492
as,no,495
as,pt,494
as,ro,493
as,sh,493
as,simple,494
as,sk,485
as,sl,495
as,sr,495
as,ta,494
as,th,493
as,tr,494
as,uk,495
as,ur,495
as,uz,476
as,zh,495
azb,ce,438
bo,ce,285
bo,uz,378
dty,eo,218
dty,et,217
dty,eu,214
dty,fa,218
dty,fi,217
dty,gl,218
dty,he,216
dty,hi,217
dty,hu,213
dty,hy,213
dty,id,216
dty,kk,216
dty,ko,218
dty,la,218
dty,lt,214
dty,ms,213
dty,nn,216
dty,no,218
dty,pt,218
dty,ro,218
dty,sh,217
dty,simple,218
dty,sk,217
dty,sl,218
dty,sr,218
dty,ta,218
dty,th,217
dty,tr,218
dty,uk,218
dty,ur,217
dty,uz,213
dty,zh,218
dv,eo,196
dv,et,194
dv,eu,194
dv,fa,196
dv,fi,196
dv,gl,196
dv,he,196
dv,hi,195
dv,hu,190
dv,hy,193
dv,id,196
dv,kk,195
dv,ko,196
dv,la,196
dv,lt,194
dv,ms,195
dv,nn,193
dv,no,195
dv,pt,196
dv,ro,193
dv,sh,194
dv,simple,196
dv,sk,193
dv,sl,196
dv,sr,196
dv,ta,196
dv,th,196
dv,tr,195
dv,uk,196
dv,ur,196
dv,uz,190
dv,zh,196
ext,fa,386
ext,fi,386
ext,gl,386
ext,he,386
ext,hi,371
ext,hu,383
ext,hy,384
ext,id,384
ext,kk,384
ext,ko,386
ext,la,386
ext,lt,384
ext,ms,381
ext,nn,385
ext,no,384
ext,pt,386
ext,ro,385
ext,sh,385
ext,simple,384
ext,sk,383
ext,sl,386
ext,sr,386
ext,ta,386
ext,th,386
ext,tr,385
ext,uk,386
ext,ur,386
ext,uz,375
ext,zh,386
gan,uz,452
gu,he,352
gu,hi,348
gu,hu,344
gu,hy,347
gu,id,352
gu,kk,350
gu,ko,352
gu,la,352
gu,lt,348
gu,ms,346
gu,nn,348
gu,no,352
gu,pt,350
gu,ro,349
gu,sh,349
gu,simple,351
gu,sk,343
gu,sl,352
gu,sr,352
gu,ta,352
gu,th,350
gu,tr,351
gu,uk,352
gu,ur,348
gu,uz,335
gu,zh,352
ht,hu,496
ht,hy,495
ht,id,500
ht,kk,502
ht,ko,503
ht,la,503
ht,lt,498
ht,ms,498
ht,nn,498
ht,no,502
ht,pt,503
ht,ro,500
ht,sh,500
ht,simple,500
ht,sk,494
ht,sl,503
ht,sr,503
ht,ta,503
ht,th,501
ht,tr,502
ht,uk,503
ht,ur,502
ht,uz,481
ht,zh,503
ii,kk,4
ii,ko,4
ii,la,4
ii,lt,4
ii,ms,4
ii,nn,4
ii,no,4
ii,pt,4
ii,ro,4
ii,sh,4
ii,simple,4
ii,sk,4
ii,sl,4
ii,sr,4
ii,ta,4
ii,th,4
ii,tr,4
ii,uk,4
ii,ur,4
ii,uz,4
ii,zh,4
ik,kk,60
ik,ko,60
ik,la,60
ik,lt,60
ik,ms,60
ik,nn,60
ik,no,60
ik,pt,60
ik,ro,60
ik,sh,60
ik,simple,59
ik,sk,60
ik,sl,60
ik,sr,60
ik,ta,60
ik,th,60
ik,tr,60
ik,uk,60
ik,ur,60
ik,uz,60
ik,zh,60
jam,uz,562
lbe,lt,105
lbe,ms,105
lbe,nn,105
lbe,no,104
lbe,pt,104
lbe,ro,105
lbe,sh,105
lbe,simple,105
lbe,sk,104
lbe,sl,105
lbe,sr,105
lbe,ta,105
lbe,th,105
lbe,tr,105
lbe,uk,105
lbe,ur,105
lbe,uz,103
lbe,zh,105
mai,ms,314
mai,nn,317
mai,no,318
mai,pt,318
mai,ro,319
mai,sh,319
mai,simple,318
mai,sk,314
mai,sl,319
mai,sr,319
mai,ta,319
mai,th,318
mai,tr,319
mai,uk,319
mai,ur,318
mai,uz,307
mai,zh,319
mrj,ms,158
mrj,nn,159
mrj,no,159
mrj,pt,158
mrj,ro,159
mrj,sh,159
mrj,simple,159
mrj,sk,159
mrj,sl,159
mrj,sr,159
mrj,ta,159
mrj,th,159
mrj,tr,159
mrj,uk,159
mrj,ur,159
mrj,uz,159
mrj,zh,159
nap,nn,247
nap,no,248
nap,pt,248
nap,ro,247
nap,sh,245
nap,simple,248
nap,sk,246
nap,sl,248
nap,sr,248
nap,ta,247
nap,th,247
nap,tr,248
nap,uk,248
nap,ur,247
nap,uz,239
nap,zh,248
nv,pt,142
nv,ro,140
nv,sh,141
nv,simple,142
nv,sk,140
nv,sl,142
nv,sr,142
nv,ta,142
nv,th,141
nv,tr,142
nv,uk,142
nv,ur,139
nv,uz,138
nv,zh,142
pam,pt,280
pam,ro,278
pam,sh,278
pam,simple,280
pam,sk,276
pam,sl,280
pam,sr,280
pam,ta,280
pam,th,280
pam,tr,279
pam,uk,280
pam,ur,280
pam,uz,264
pam,zh,280
pcd,pt,233
pcd,ro,234
pcd,sh,234
pcd,simple,233
pcd,sk,231
pcd,sl,234
pcd,sr,234
pcd,ta,234
pcd,th,234
pcd,tr,234
pcd,uk,234
pcd,ur,234
pcd,uz,227
pcd,zh,234
pdc,pt,125
pdc,ro,125
pdc,sh,125
pdc,simple,124
pdc,sk,123
pdc,sl,125
pdc,sr,125
pdc,ta,125
pdc,th,124
pdc,tr,125
pdc,uk,125
pdc,ur,124
pdc,uz,123
pdc,zh,125
ps,pt,445
ps,ro,443
ps,sh,445
ps,simple,445
ps,sk,438
ps,sl,446
ps,sr,446
ps,ta,446
ps,th,445
ps,tr,444
ps,uk,446
ps,ur,446
ps,uz,428
ps,zh,446
rmy,uz,109
roa-rup,ro,249
roa-rup,sh,248
roa-rup,simple,250
roa-rup,sk,244
roa-rup,sl,250
roa-rup,sr,250
roa-rup,ta,250
roa-rup,th,250
roa-rup,tr,250
roa-rup,uk,250
roa-rup,ur,249
roa-rup,uz,244
roa-rup,zh,250
sn,sr,275
sn,ta,275
sn,th,274
sn,tr,275
sn,uk,275
sn,ur,274
sn,uz,269
sn,zh,275
su,ta,519
su,th,518
su,tr,520
su,uk,520
su,ur,518
su,uz,499
su,zh,520
tcy,th,107
tcy,tr,109
tcy,uk,109
tcy,ur,108
tcy,uz,104
tcy,zh,109
tyv,uk,123
tyv,ur,121
tyv,uz,121
tyv,zh,123
kbd,la,218
kbd,pt,218
kbd,zh-min-nan,210
ace,ar,153
ace,az,149
ace,be,153
ace,bg,153
ace,ca,153
ace,ce,133
ace,cs,153
ace,cy,153
ace,da,153
ace,eo,153
ace,et,153
ace,eu,152
ace,fa,153
ace,fi,153
ace,gl,153
ace,he,153
ace,hi,149
ace,hr,152
ace,hu,152
ace,hy,152
ace,id,153
ace,ka,152
ace,kk,151
ace,ko,153
ace,la,153
ace,lt,153
ace,ms,151
ace,nn,152
ace,no,153
ace,pt,153
ace,ro,153
ace,sh,152
ace,simple,153
ace,sk,152
ace,sl,153
ace,sr,153
ace,ta,153
ace,th,153
ace,tr,153
ace,uk,153
ace,ur,153
ace,uz,151
ace,zh-min-nan,150
ace,zh,153
as,cs,492
as,da,489
as,hr,491
as,ka,465
as,zh-min-nan,466
bh,ca,382
bh,ce,299
bh,cs,382
bh,cy,382
bh,da,381
bh,eo,382
bh,et,382
bh,eu,378
bh,fa,382
bh,fi,382
bh,gl,382
bh,he,382
bh,hi,374
bh,hr,381
bh,hu,374
bh,hy,379
bh,id,381
bh,ka,372
bh,kk,380
bh,ko,382
bh,la,382
bh,lt,378
bh,ms,375
bh,nn,381
bh,no,381
bh,pt,381
bh,ro,380
bh,sh,380
bh,simple,380
bh,sk,378
bh,sl,382
bh,sr,382
bh,ta,382
bh,th,381
bh,tr,382
bh,uk,382
bh,ur,380
bh,uz,372
bh,zh-min-nan,367
bh,zh,382
dty,hr,216
dty,ka,210
dty,zh-min-nan,209
ext,hr,384
ext,ka,376
ext,zh-min-nan,371
kab,ka,228
kab,kk,229
kab,ko,231
kab,la,230
kab,lt,229
kab,ms,227
kab,nn,231
kab,no,231
kab,pt,230
kab,ro,231
kab,sh,231
kab,simple,230
kab,sk,230
kab,sl,231
kab,sr,231
kab,ta,230
kab,th,231
kab,tr,231
kab,uk,231
kab,ur,231
kab,uz,228
kab,zh-min-nan,227
kab,zh,231
kw,la,290
kw,lt,289
kw,ms,290
kw,nn,290
kw,no,290
kw,pt,290
kw,ro,290
kw,sh,290
kw,simple,290
kw,sk,289
kw,sl,290
kw,sr,290
kw,ta,290
kw,th,290
kw,tr,290
kw,uk,290
kw,ur,290
kw,uz,283
kw,zh-min-nan,285
kw,zh,290
mai,zh-min-nan,309
ny,pt,101
ny,ro,101
ny,sh,101
ny,simple,101
ny,sk,100
ny,sl,101
ny,sr,101
ny,ta,101
ny,th,101
ny,tr,101
ny,uk,101
ny,ur,101
ny,uz,101
ny,zh-min-nan,98
ny,zh,101
pap,uz,228
ps,zh-min-nan,419
nds-nl,nn,294
nds-nl,no,294
nds-nl,ro,296
nds-nl,sh,296
nds-nl,simple,295
nds-nl,sk,292
nds-nl,sl,296
nds-nl,sr,296
nds-nl,th,296
nds-nl,tr,296
nds-nl,uk,296
nds-nl,ur,295
nds-nl,zh-min-nan,293
nds-nl,zh,296
af,min,230
als,min,232
am,min,215
an,min,232
ar,min,232
arz,min,209
ast,min,231
as,min,134
as,vo,173
azb,min,187
azb,vo,239
az,min,229
bar,min,186
bat-smg,min,219
ba,min,232
be-x-old,min,232
be,min,232
bg,min,232
bi,ca,225
bi,ce,203
bi,cs,225
bi,cy,225
bi,da,225
bi,eo,225
bi,et,225
bi,eu,224
bi,fa,225
bi,fi,225
bi,gl,225
bi,he,225
bi,hi,200
bi,hr,224
bi,hu,220
bi,hy,224
bi,id,225
bi,ka,220
bi,kk,224
bi,ko,225
bi,la,225
bi,lt,222
bi,min,112
bi,ms,219
bi,nn,223
bi,no,225
bi,pt,225
bi,ro,223
bi,sh,224
bi,simple,224
bi,sk,220
bi,sl,225
bi,sr,225
bi,ta,225
bi,th,224
bi,tr,225
bi,uk,225
bi,ur,224
bi,uz,214
bi,vo,167
bi,zh-min-nan,215
bi,zh,225
bjn,ca,155
bjn,ce,109
bjn,cs,153
bjn,cy,155
bjn,da,155
bjn,eo,155
bjn,et,154
bjn,eu,150
bjn,fa,155
bjn,fi,155
bjn,gl,155
bjn,he,154
bjn,hi,151
bjn,hr,153
bjn,hu,152
bjn,hy,152
bjn,id,155
bjn,ka,149
bjn,kk,153
bjn,ko,155
bjn,la,155
bjn,lt,154
bjn,min,70
bjn,ms,154
bjn,nn,155
bjn,no,155
bjn,pt,154
bjn,ro,154
bjn,sh,155
bjn,simple,155
bjn,sk,152
bjn,sl,155
bjn,sr,155
bjn,ta,155
bjn,th,154
bjn,tr,155
bjn,uk,155
bjn,ur,155
bjn,uz,153
bjn,vo,68
bjn,zh-min-nan,153
bjn,zh,155
bn,min,232
br,min,231
bs,min,231
bxr,min,195
ca,min,232
ce,min,203
ckb,min,231
cs,min,232
cy,min,232
da,min,232
de,min,228
diq,min,162
diq,vo,208
el,min,232
en,min,231
eo,min,232
es,min,232
et,min,231
eu,min,230
fa,min,232
fi,min,232
fo,min,177
fr,min,232
fy,min,202
ga,min,215
gl,min,232
got,min,52
haw,min,79
he,min,232
hif,min,215
hi,min,223
hr,min,229
hu,min,227
hy,min,231
ia,min,220
id,min,232
ilo,min,227
io,min,214
is,min,232
it,min,231
ja,min,232
kaa,min,144
kab,min,114
kab,vo,157
ka,min,230
kbd,kk,216
kbd,ko,217
kbd,lt,216
kbd,min,104
kbd,ms,216
kbd,nn,217
kbd,no,217
kbd,ro,217
kbd,sh,217
kbd,simple,217
kbd,sk,213
kbd,sl,217
kbd,sr,217
kbd,ta,217
kbd,th,216
kbd,tr,217
kbd,uk,217
kbd,ur,217
kbd,uz,214
kbd,vo,147
kbd,zh,217
kbp,min,170
kk,min,230
km,ko,294
km,la,294
km,lt,292
km,min,122
km,ms,294
km,nn,294
km,no,294
km,pt,293
km,ro,292
km,sh,293
km,simple,293
km,sk,288
km,sl,294
km,sr,294
km,ta,294
km,th,293
km,tr,293
km,uk,294
km,ur,294
km,uz,285
km,vo,144
km,zh-min-nan,285
km,zh,294
kn,min,197
ko,min,232
krc,min,81
krc,vo,98
ksh,min,60
kw,min,129
kw,vo,183
la,min,232
lb,min,204
lez,min,153
li,min,204
lmo,min,168
ln,min,125
lt,min,230
lv,min,232
mg,min,194
mhr,min,126
mhr,ms,321
mhr,nn,322
mhr,no,323
mhr,pt,323
mhr,ro,322
mhr,sh,321
mhr,simple,323
mhr,sk,319
mhr,sl,323
mhr,sr,323
mhr,ta,322
mhr,th,321
mhr,tr,323
mhr,uk,323
mhr,ur,323
mhr,uz,314
mhr,vo,174
mhr,zh-min-nan,311
mhr,zh,323
min,ms,229
min,nn,232
min,no,232
min,pt,231
min,ro,231
min,sh,231
min,simple,232
min,sk,229
min,sl,232
min,sr,232
min,ta,231
min,th,230
min,tr,232
min,uk,232
min,ur,232
min,uz,221
min,vo,134
min,zh-min-nan,225
min,zh,232
nap,vo,117
nap,zh-min-nan,243
om,pt,173
om,ro,172
om,sh,173
om,simple,173
om,sk,172
om,sl,173
om,sr,173
om,ta,173
om,th,172
om,tr,173
om,uk,173
om,ur,173
om,uz,172
om,vo,100
om,zh-min-nan,168
om,zh,173
pam,vo,171
pam,zh-min-nan,271
pcd,vo,153
pcd,zh-min-nan,226
roa-tara,vo,135
srn,sr,87
srn,ta,87
srn,th,87
srn,tr,87
srn,uk,87
srn,ur,87
srn,uz,86
srn,vo,72
srn,zh-min-nan,85
srn,zh,87
tk,vo,179
tyv,vo,61
tyv,zh-min-nan,117
xh,zh-min-nan,162
xh,zh,169
ay,min,104
bo,hr,387
bo,min,128
bo,vo,181
bpy,ca,139
bpy,ce,113
bpy,cs,139
bpy,cy,139
bpy,da,139
bpy,eo,139
bpy,et,139
bpy,eu,139
bpy,fa,139
bpy,fi,139
bpy,gl,139
bpy,he,139
bpy,hi,139
bpy,hr,139
bpy,hu,138
bpy,hy,137
bpy,id,139
bpy,ka,136
bpy,kk,138
bpy,ko,139
bpy,la,139
bpy,lt,139
bpy,min,72
bpy,ms,139
bpy,nn,139
bpy,no,139
bpy,pt,139
bpy,ro,139
bpy,sh,139
bpy,simple,139
bpy,sk,137
bpy,sl,139
bpy,sr,139
bpy,ta,139
bpy,th,139
bpy,tr,139
bpy,uk,139
bpy,ur,139
bpy,uz,135
bpy,vo,92
bpy,zh-min-nan,138
bpy,zh,139
co,cs,283
co,cy,283
co,da,282
co,eo,283
co,et,283
co,eu,278
co,fa,283
co,fi,283
co,gl,283
co,he,283
co,hi,272
co,hr,281
co,hu,281
co,hy,281
co,id,282
co,ka,276
co,kk,281
co,ko,283
co,la,283
co,lt,280
co,min,111
co,ms,276
co,nn,281
co,no,282
co,pt,283
co,ro,282
co,sh,283
co,simple,282
co,sk,276
co,sl,283
co,sr,283
co,ta,283
co,th,282
co,tr,283
co,uk,283
co,ur,281
co,uz,275
co,vo,160
co,zh-min-nan,272
co,zh,283
cv,min,154
dty,min,88
dty,vo,129
ext,min,149
ext,vo,216
gd,min,178
gn,min,142
gu,hr,348
gu,ka,333
gu,min,121
gu,vo,140
gu,zh-min-nan,333
ht,ka,479
ht,min,150
ht,vo,198
ht,zh-min-nan,482
jv,min,213
ku,min,194
lo,min,95
mai,min,122
mai,vo,163
mrj,vo,95
mrj,zh-min-nan,153
olo,pt,286
olo,ro,285
olo,sh,285
olo,simple,286
olo,sk,284
olo,sl,286
olo,sr,286
olo,ta,286
olo,th,286
olo,tr,286
olo,uk,286
olo,ur,285
olo,uz,280
olo,vo,195
olo,zh-min-nan,283
olo,zh,286
pap,vo,132
pdc,vo,65
pdc,zh-min-nan,119
pnt,pt,78
pnt,ro,78
pnt,sh,78
pnt,simple,78
pnt,sk,78
pnt,sl,78
pnt,sr,78
pnt,ta,78
pnt,th,78
pnt,tr,78
pnt,uk,78
pnt,ur,77
pnt,uz,76
pnt,vo,54
pnt,zh-min-nan,77
pnt,zh,78
ps,vo,175
sd,vo,122
stq,vo,182
su,vo,187
su,zh-min-nan,497
dsb,min,100
hsb,min,110
ky,min,180
ky,vo,239
ceb,min,150
eml,min,74
eml,uz,189
eml,vo,96
gom,he,151
gom,hi,150
gom,hr,151
gom,hu,146
gom,hy,150
gom,id,151
gom,ka,149
gom,kk,150
gom,ko,151
gom,la,151
gom,lt,150
gom,min,74
gom,ms,148
gom,nn,151
gom,no,151
gom,pt,151
gom,ro,151
gom,sh,151
gom,simple,150
gom,sk,150
gom,sl,151
gom,sr,151
gom,ta,151
gom,th,151
gom,tr,151
gom,uk,151
gom,ur,151
gom,uz,148
gom,vo,95
gom,zh-min-nan,147
gom,zh,151
ie,min,114
jbo,min,117
lij,min,128
nds-nl,pt,294
nds-nl,ta,295
nds-nl,uz,287
nds-nl,vo,133
arc,cs,259
arc,da,260
arc,hr,259
arc,ka,254
arc,vo,116
arc,zh-min-nan,256
bh,vo,183
gan,vo,200
jam,vo,211
mt,uz,258
mt,vo,144
pag,pt,86
pag,ro,86
pag,sh,86
pag,simple,86
pag,sk,86
pag,sl,86
pag,sr,86
pag,ta,86
pag,th,85
pag,tr,86
pag,uk,86
pag,ur,86
pag,uz,85
pag,vo,67
pag,zh-min-nan,86
pag,zh,86
cbk-zam,ce,95
cbk-zam,cs,99
cbk-zam,cy,99
cbk-zam,da,98
cbk-zam,eo,99
cbk-zam,et,99
cbk-zam,eu,99
cbk-zam,fa,99
cbk-zam,fi,99
cbk-zam,gl,99
cbk-zam,he,99
cbk-zam,hi,98
cbk-zam,hr,99
cbk-zam,hu,99
cbk-zam,hy,99
cbk-zam,id,99
cbk-zam,ka,98
cbk-zam,kk,99
cbk-zam,ko,99
cbk-zam,la,99
cbk-zam,lt,99
cbk-zam,ms,99
cbk-zam,nn,99
cbk-zam,no,99
cbk-zam,pt,99
cbk-zam,ro,99
cbk-zam,sh,99
cbk-zam,simple,99
cbk-zam,sk,99
cbk-zam,sl,99
cbk-zam,sr,99
cbk-zam,ta,99
cbk-zam,th,99
cbk-zam,tr,99
cbk-zam,uk,99
cbk-zam,ur,99
cbk-zam,uz,98
cbk-zam,vo,83
cbk-zam,zh-min-nan,99
cbk-zam,zh,99
gv,he,338
gv,hi,321
gv,hr,335
gv,hu,332
gv,hy,335
gv,id,338
gv,ka,332
gv,kk,336
gv,ko,338
gv,la,338
gv,lt,334
gv,ms,334
gv,nn,335
gv,no,335
gv,pt,338
gv,ro,337
gv,sh,338
gv,simple,337
gv,sk,332
gv,sl,338
gv,sr,338
gv,ta,338
gv,th,336
gv,tr,338
gv,uk,338
gv,ur,337
gv,uz,329
gv,vo,170
gv,zh-min-nan,332
gv,zh,338
mi,ms,134
mi,nn,132
mi,no,133
mi,pt,134
mi,ro,133
mi,sh,133
mi,simple,134
mi,sk,133
mi,sl,134
mi,sr,134
mi,ta,134
mi,th,134
mi,tr,134
mi,uk,134
mi,ur,133
mi,uz,133
mi,vo,103
mi,zh-min-nan,133
mi,zh,134
sm,sr,129
sm,ta,129
sm,th,128
sm,tr,129
sm,uk,129
sm,ur,129
sm,uz,126
sm,vo,90
sm,zh-min-nan,128
sm,zh,129
ab,min,58
arc,min,99
bcl,min,123
bh,min,141
cdo,ce,318
cdo,min,158
cdo,uz,431
cdo,vo,199
fiu-vro,min,160
gan,min,159
ig,ka,105
ig,kk,105
ig,ko,106
ig,la,106
ig,lt,105
ig,min,52
ig,ms,106
ig,nn,105
ig,no,106
ig,pt,106
ig,ro,106
ig,sh,106
ig,simple,106
ig,sk,105
ig,sl,106
ig,sr,106
ig,ta,106
ig,th,106
ig,tr,106
ig,uk,106
ig,ur,106
ig,uz,106
ig,vo,58
ig,zh-min-nan,104
ig,zh,106
jam,min,163
kl,min,74
lad,min,128
lrc,lt,138
lrc,min,74
lrc,ms,138
lrc,nn,138
lrc,no,138
lrc,pt,138
lrc,ro,138
lrc,sh,138
lrc,simple,138
lrc,sk,138
lrc,sl,138
lrc,sr,138
lrc,ta,138
lrc,th,138
lrc,tr,138
lrc,uk,138
lrc,ur,138
lrc,uz,137
lrc,vo,105
lrc,zh-min-nan,137
lrc,zh,138
cbk-zam,min,61
ch,cs,63
ch,cy,63
ch,da,63
ch,eo,63
ch,et,63
ch,eu,63
ch,fa,63
ch,fi,63
ch,gl,63
ch,he,63
ch,hi,51
ch,hr,63
ch,hu,63
ch,hy,62
ch,id,63
ch,ka,62
ch,kk,63
ch,ko,63
ch,la,63
ch,lt,63
ch,min,33
ch,ms,61
ch,nn,62
ch,no,62
ch,pt,63
ch,ro,63
ch,sh,63
ch,simple,63
ch,sk,62
ch,sl,63
ch,sr,63
ch,ta,63
ch,th,63
ch,tr,63
ch,uk,63
ch,ur,63
ch,uz,62
ch,vo,51
ch,zh-min-nan,62
ch,zh,63
crh,min,81
frr,min,121
gv,min,126
hak,min,155
ha,min,81
map-bms,min,74
map-bms,ms,141
map-bms,nn,140
map-bms,no,141
map-bms,pt,141
map-bms,ro,139
map-bms,sh,139
map-bms,simple,140
map-bms,sk,139
map-bms,sl,141
map-bms,sr,141
map-bms,ta,140
map-bms,th,140
map-bms,tr,141
map-bms,uk,141
map-bms,ur,141
map-bms,uz,135
map-bms,vo,77
map-bms,zh-min-nan,139
map-bms,zh,141
or,pt,318
or,ro,318
or,sh,318
or,simple,318
or,sk,315
or,sl,319
or,sr,319
or,ta,318
or,th,317
or,tr,318
or,uk,319
or,ur,317
or,uz,308
or,vo,153
or,zh-min-nan,303
or,zh,319
roa-rup,vo,123
roa-rup,zh-min-nan,244
tet,th,84
tet,tr,84
tet,uk,84
tet,ur,83
tet,uz,83
tet,vo,71
tet,zh-min-nan,83
tet,zh,84
fur,min,97
fur,vo,116
ace,vo,104
glk,gl,62
glk,he,62
glk,hi,58
glk,hr,62
glk,hu,61
glk,hy,62
glk,id,62
glk,ka,62
glk,kk,62
glk,ko,62
glk,la,62
glk,lt,62
glk,ms,62
glk,nn,62
glk,no,62
glk,pt,62
glk,ro,62
glk,sh,62
glk,simple,62
glk,sk,62
glk,sl,62
glk,sr,62
glk,ta,62
glk,th,62
glk,tr,62
glk,uk,62
glk,ur,61
glk,uz,61
glk,vo,34
glk,zh-min-nan,59
glk,zh,62
ace,min,88
chr,cs,221
chr,cy,223
chr,da,223
chr,eo,223
chr,et,222
chr,eu,222
chr,fa,223
chr,fi,223
chr,gl,223
chr,he,223
chr,hi,216
chr,hr,222
chr,hu,216
chr,hy,221
chr,id,222
chr,ka,216
chr,kk,222
chr,ko,223
chr,la,223
chr,lt,219
chr,min,81
chr,ms,219
chr,nn,221
chr,no,222
chr,pt,223
chr,ro,220
chr,sh,222
chr,simple,222
chr,sk,221
chr,sl,223
chr,sr,223
chr,ta,223
chr,th,222
chr,tr,222
chr,uk,223
chr,ur,223
chr,uz,216
chr,vo,98
chr,zh-min-nan,218
chr,zh,223
ang,min,121
glk,min,23
cu,min,49
ady,ar,109
ady,az,108
ady,be,109
ady,bg,109
ady,ca,109
ady,ce,102
ady,cs,109
ady,cy,109
ady,da,109
ady,eo,109
ady,et,109
ady,eu,109
ady,fa,109
ady,fi,109
ady,gl,109
ady,he,109
ady,hi,108
ady,hr,109
ady,hu,109
ady,hy,109
ady,id,109
ady,ka,109
ady,kk,108
ady,ko,109
ady,la,109
ady,lt,109
ady,ms,108
ady,nn,108
ady,no,109
ady,pt,108
ady,ro,109
ady,sh,109
ady,simple,109
ady,sk,109
ady,sl,109
ady,sr,109
ady,ta,109
ady,th,109
ady,tr,109
ady,uk,109
ady,ur,109
ady,uz,109
ady,vo,89
ady,zh-min-nan,108
ady,zh,109
av,az,116
av,be,118
av,bg,118
av,ca,118
av,ce,103
av,cs,117
av,cy,118
av,da,118
av,eo,118
av,et,117
av,eu,118
av,fa,118
av,fi,118
av,gl,118
av,he,118
av,hi,115
av,hr,117
av,hu,116
av,hy,117
av,id,117
av,ka,117
av,kk,117
av,ko,118
av,la,118
av,lt,118
av,min,55
av,ms,117
av,nn,118
av,no,117
av,pt,118
av,ro,118
av,sh,118
av,simple,118
av,sk,116
av,sl,118
av,sr,118
av,ta,118
av,th,118
av,tr,118
av,uk,118
av,ur,118
av,uz,118
av,vo,65
av,zh-min-nan,117
av,zh,118
kv,min,65
lbe,min,46
lbe,vo,33
lbe,zh-min-nan,101
tcy,vo,51
tcy,zh-min-nan,102
dv,hr,192
dv,ka,180
dv,min,81
dv,zh-min-nan,188
ks,la,79
ks,lt,78
ks,min,33
ks,ms,79
ks,nn,78
ks,no,79
ks,pt,79
ks,ro,76
ks,sh,78
ks,simple,78
ks,sk,76
ks,sl,79
ks,sr,79
ks,ta,79
ks,th,79
ks,tr,78
ks,uk,79
ks,ur,79
ks,uz,75
ks,zh-min-nan,75
ks,zh,79
fj,gl,62
fj,he,62
fj,hi,62
fj,hr,62
fj,hu,61
fj,hy,62
fj,id,62
fj,ka,60
fj,kk,61
fj,ko,62
fj,la,62
fj,lt,62
fj,ms,62
fj,nn,61
fj,no,62
fj,pt,62
fj,ro,61
fj,sh,61
fj,simple,61
fj,sk,62
fj,sl,62
fj,sr,62
fj,ta,62
fj,th,62
fj,tr,62
fj,uk,62
fj,ur,62
fj,uz,58
fj,vo,41
fj,zh-min-nan,61
fj,zh,62
gag,gl,100
gag,he,100
gag,hi,100
gag,hr,99
gag,hu,99
gag,hy,100
gag,id,100
gag,ka,100
gag,kk,97
gag,ko,100
gag,la,100
gag,lt,100
gag,min,57
gag,ms,99
gag,nn,99
gag,no,100
gag,pt,100
gag,ro,100
gag,sh,100
gag,simple,100
gag,sk,99
gag,sl,100
gag,sr,100
gag,ta,100
gag,th,100
gag,tr,100
gag,uk,100
gag,ur,100
gag,uz,97
gag,vo,80
gag,zh-min-nan,99
gag,zh,100
chy,cs,98
chy,cy,99
chy,da,99
chy,eo,99
chy,et,98
chy,eu,98
chy,fa,99
chy,fi,99
chy,gl,99
chy,he,99
chy,hi,97
chy,hr,97
chy,hu,94
chy,hy,97
chy,id,99
chy,ka,94
chy,kk,98
chy,ko,99
chy,la,99
chy,lt,98
chy,min,44
chy,ms,99
chy,nn,97
chy,no,99
chy,pt,99
chy,ro,97
chy,sh,98
chy,simple,99
chy,sk,96
chy,sl,99
chy,sr,99
chy,ta,99
chy,th,98
chy,tr,99
chy,uk,99
chy,ur,98
chy,uz,94
chy,vo,49
chy,zh-min-nan,98
chy,zh,99
ti,tr,49
ti,uk,49
ti,ur,49
ti,uz,48
ti,vo,35
ti,zh-min-nan,49
ti,zh,49
pi,pt,71
pi,ro,71
pi,sh,71
pi,simple,70
pi,sk,71
pi,sl,71
pi,sr,71
pi,ta,71
pi,th,71
pi,tr,71
pi,uk,71
pi,ur,71
pi,uz,70
pi,vo,56
pi,zh-min-nan,71
pi,zh,71
pih,pt,145
pih,ro,145
pih,sh,145
pih,simple,145
pih,sk,144
pih,sl,145
pih,sr,145
pih,ta,145
pih,th,145
pih,tr,145
pih,uk,145
pih,ur,145
pih,uz,145
pih,vo,105
pih,zh-min-nan,144
pih,zh,145
ty,uk,58
ty,ur,58
ty,uz,58
ty,vo,52
ty,zh-min-nan,58
ty,zh,58
frp,min,82
lg,lt,86
lg,ms,84
lg,nn,85
lg,no,86
lg,pt,85
lg,ro,86
lg,sh,86
lg,simple,86
lg,sk,85
lg,sl,86
lg,sr,86
lg,ta,86
lg,th,86
lg,tr,86
lg,uk,86
lg,ur,86
lg,uz,84
lg,vo,38
lg,zh-min-nan,85
lg,zh,86
nv,vo,61
nv,zh-min-nan,135
dv,vo,96
csb,min,67
ady,min,61
ki,min,50
lg,min,31
mdf,min,50
sn,vo,110
sn,zh-min-nan,262
tw,uk,81
tw,ur,81
tw,uz,78
tw,vo,69
tw,zh-min-nan,81
tw,zh,81
ks,vo,28
bm,min,56
cr,cs,26
cr,cy,26
cr,da,26
cr,eo,26
cr,et,26
cr,eu,26
cr,fa,26
cr,fi,26
cr,gl,26
cr,he,26
cr,hi,26
cr,hr,26
cr,hu,26
cr,hy,26
cr,id,26
cr,ka,25
cr,kk,26
cr,ko,26
cr,la,26
cr,lt,26
cr,min,18
cr,ms,26
cr,nn,26
cr,no,26
cr,pt,26
cr,ro,26
cr,sh,26
cr,simple,26
cr,sk,26
cr,sl,26
cr,sr,26
cr,ta,26
cr,th,25
cr,tr,26
cr,uk,26
cr,ur,25
cr,uz,26
cr,vo,13
cr,zh-min-nan,26
cr,zh,26
fj,min,32
iu,min,44
rmy,vo,67
sg,sh,47
sg,simple,47
sg,sk,47
sg,sl,47
sg,sr,47
sg,ta,47
sg,th,47
sg,tr,47
sg,uk,47
sg,ur,47
sg,uz,47
sg,vo,41
sg,zh-min-nan,47
sg,zh,47
st,ta,77
st,th,77
st,tr,77
st,uk,77
st,ur,77
st,uz,76
st,vo,58
st,zh-min-nan,76
st,zh,77
koi,ko,93
koi,la,93
koi,lt,93
koi,ms,92
koi,nn,92
koi,no,93
koi,pt,93
koi,ro,93
koi,sh,93
koi,simple,93
koi,sk,92
koi,sl,93
koi,sr,93
koi,ta,93
koi,th,93
koi,tr,93
koi,uk,93
koi,ur,93
koi,uz,92
koi,vo,58
koi,zh-min-nan,90
koi,zh,93
tum,uk,63
tum,ur,63
tum,uz,63
tum,zh-min-nan,62
tum,zh,63
kg,kk,125
kg,ko,126
kg,la,126
kg,lt,126
kg,min,63
kg,ms,126
kg,nn,126
kg,no,126
kg,pt,126
kg,ro,126
kg,sh,126
kg,simple,126
kg,sk,125
kg,sl,126
kg,sr,126
kg,ta,126
kg,th,126
kg,tr,126
kg,uk,126
kg,ur,125
kg,uz,122
kg,vo,88
kg,zh-min-nan,125
kg,zh,126
ltg,lt,69
ltg,min,41
ltg,ms,69
ltg,nn,69
ltg,no,69
ltg,pt,69
ltg,ro,69
ltg,sh,69
ltg,simple,69
ltg,sk,68
ltg,sl,69
ltg,sr,69
ltg,ta,69
ltg,th,69
ltg,tr,69
ltg,uk,69
ltg,ur,69
ltg,uz,69
ltg,vo,49
ltg,zh-min-nan,68
ltg,zh,69
ny,vo,76
ts,uk,142
ts,ur,142
ts,uz,139
ts,vo,68
ts,zh-min-nan,137
ts,zh,142
ee,eo,65
ee,et,65
ee,eu,63
ee,fa,65
ee,fi,65
ee,gl,65
ee,he,65
ee,hi,65
ee,hr,63
ee,hu,62
ee,hy,64
ee,id,65
ee,ka,63
ee,kk,64
ee,ko,65
ee,la,65
ee,lt,63
ee,ms,65
ee,nn,64
ee,no,65
ee,pt,65
ee,ro,64
ee,sh,65
ee,simple,65
ee,sk,64
ee,sl,65
ee,sr,65
ee,ta,65
ee,th,65
ee,tr,65
ee,uk,65
ee,ur,65
ee,uz,63
ee,zh-min-nan,64
ee,zh,65
ve,vo,20
ve,zh-min-nan,25
ve,zh,26
din,eo,37
din,et,37
din,eu,36
din,fa,37
din,fi,37
din,gl,37
din,he,37
din,hi,36
din,hr,36
din,hu,35
din,hy,37
din,id,37
din,ka,35
din,kk,37
din,ko,37
din,la,37
din,lt,37
din,min,14
din,ms,37
din,nn,37
din,no,37
din,pt,37
din,ro,37
din,sh,37
din,simple,36
din,sk,36
din,sl,37
din,sr,37
din,ta,37
din,th,37
din,tr,37
din,uk,37
din,ur,37
din,uz,36
din,vo,18
din,zh-min-nan,35
din,zh,37
ee,min,44
ee,vo,51
ff,min,30
nso,pt,118
nso,ro,116
nso,sh,117
nso,simple,118
nso,sk,116
nso,sl,118
nso,sr,118
nso,ta,118
nso,th,118
nso,tr,118
nso,uk,118
nso,ur,118
nso,uz,113
nso,vo,66
nso,zh-min-nan,117
nso,zh,118
tn,tr,38
tn,uk,38
tn,ur,38
tn,uz,37
tn,vo,22
tn,zh-min-nan,37
tn,zh,38
ak,ar,57
ak,az,57
ak,be,57
ak,bg,57
ak,ca,57
ak,ce,53
ak,cs,57
ak,cy,57
ak,da,57
ak,eo,57
ak,et,57
ak,eu,57
ak,fa,57
ak,fi,57
ak,gl,57
ak,he,57
ak,hi,57
ak,hr,57
ak,hu,57
ak,hy,57
ak,id,57
ak,ka,57
ak,kk,57
ak,ko,57
ak,la,57
ak,lt,57
ak,ms,57
ak,nn,57
ak,no,57
ak,pt,57
ak,ro,57
ak,sh,57
ak,simple,57
ak,sk,57
ak,sl,57
ak,sr,57
ak,ta,57
ak,th,57
ak,tr,57
ak,uk,57
ak,ur,57
ak,zh-min-nan,57
ak,zh,57
dz,eo,41
dz,et,41
dz,eu,41
dz,fa,41
dz,fi,41
dz,gl,41
dz,he,41
dz,hi,41
dz,hr,41
dz,hu,41
dz,hy,41
dz,id,41
dz,ka,40
dz,kk,40
dz,ko,41
dz,la,41
dz,lt,41
dz,min,28
dz,ms,41
dz,nn,41
dz,no,41
dz,pt,41
dz,ro,41
dz,sh,41
dz,simple,41
dz,sk,41
dz,sl,41
dz,sr,41
dz,ta,41
dz,th,41
dz,tr,41
dz,uk,41
dz,ur,41
dz,uz,41
dz,zh-min-nan,41
dz,zh,41
ak,min,33
ak,uz,56
ik,ka,58
ik,min,27
ik,zh-min-nan,56
koi,min,39
to,tr,31
to,uk,31
to,ur,31
to,uz,28
to,zh-min-nan,31
to,zh,31
ik,vo,22
bug,ca,45
bug,ce,38
bug,cs,45
bug,cy,45
bug,da,45
bug,eo,45
bug,et,45
bug,eu,45
bug,fa,45
bug,fi,45
bug,gl,45
bug,he,45
bug,hi,45
bug,hr,45
bug,hu,45
bug,hy,45
bug,id,45
bug,ka,45
bug,kk,44
bug,ko,45
bug,la,45
bug,lt,44
bug,min,27
bug,ms,45
bug,nn,45
bug,no,45
bug,pt,45
bug,ro,45
bug,sh,45
bug,simple,45
bug,sk,45
bug,sl,45
bug,sr,45
bug,ta,45
bug,th,45
bug,tr,45
bug,uk,45
bug,ur,44
bug,uz,45
bug,zh-min-nan,45
bug,zh,45
cho,cs,2
cho,cy,2
cho,da,2
cho,eo,2
cho,et,2
cho,eu,2
cho,fa,2
cho,fi,2
cho,gl,2
cho,he,2
cho,hr,2
cho,hu,2
cho,hy,2
cho,id,2
cho,ka,2
cho,kk,2
cho,ko,2
cho,la,2
cho,lt,2
cho,ms,2
cho,nn,2
cho,no,2
cho,pt,2
cho,ro,2
cho,sh,2
cho,simple,2
cho,sk,2
cho,sl,2
cho,sr,2
cho,ta,2
cho,th,2
cho,tr,2
cho,uk,2
cho,ur,2
cho,uz,2
cho,zh-min-nan,2
cho,zh,2
atj,az,44
atj,be,47
atj,bg,47
atj,ca,47
atj,cs,46
atj,cy,47
atj,da,47
atj,eo,47
atj,et,46
atj,eu,47
atj,fa,47
atj,fi,47
atj,gl,47
atj,he,47
atj,hi,43
atj,hr,46
atj,hu,44
atj,hy,47
atj,id,47
atj,ka,43
atj,kk,47
atj,ko,47
atj,la,47
atj,lt,46
atj,ms,47
atj,nn,44
atj,no,47
atj,pt,47
atj,ro,45
atj,sh,46
atj,simple,47
atj,sk,45
atj,sl,47
atj,sr,47
atj,ta,47
atj,th,47
atj,tr,47
atj,uk,47
atj,ur,47
atj,uz,43
atj,zh-min-nan,46
atj,zh,47
ak,vo,47
bug,vo,35
ng,nn,2
ng,no,2
ng,pt,2
ng,ro,2
ng,sh,2
ng,simple,2
ng,sk,2
ng,sl,2
ng,sr,2
ng,ta,2
ng,th,2
ng,tr,2
ng,uk,2
ng,ur,2
ng,uz,2
ng,vo,2
ng,zh-min-nan,2
ng,zh,2
ii,ka,2
ii,vo,1
ii,zh-min-nan,2
atj,ce,26
atj,min,10
atj,vo,4
tum,vo,44
dz,vo,36
cho,hi,1
ii,min,1
to,vo,16
